,AGEP_x,DEAR_x,DENSITY_x,DEYE_x,DPHY_x,DREM_x,DVET_x,EDU,HISP,HOUSING_TYPE_x,INDP_CAT,MSP,NOC_x,NPF_x,OWN_RENT,PINCP_x,PINCP_DECILE_x,POVPIP_x,PUMA,RAC1P,SEX,AGEP_y,DEAR_y,DENSITY_y,DEYE_y,DPHY_y,DREM_y,DVET_y,HOUSING_TYPE_y,NOC_y,NPF_y,PINCP_y,PINCP_DECILE_y,POVPIP_y,percent_match
0,6,2,2,2,2,2,N,8,0,1,4,6,0,2,1,219000.0,7,501,48-02102,1,1,22,2,2,2,2,2,N,1,0,4,0.0,0,501,69.23076923076923
1,40,2,7,2,2,2,N,7,1,1,3,6,0,3,1,17300.0,3,305,48-02510,1,1,34,2,7,2,2,2,N,1,0,2,25000.0,4,190,61.53846153846154
2,12,1,5,2,1,2,N,6,1,1,11,1,0,2,1,219700.0,8,304,48-02516,1,2,34,2,5,2,2,2,N,1,2,5,7200.0,2,218,38.46153846153847
3,14,2,2,2,2,2,N,5,0,1,10,3,2,3,2,23100.0,7,501,48-02102,1,1,53,2,2,2,2,2,N,1,0,N,39400.0,6,297,53.84615384615385
4,52,2,2,2,2,2,N,3,0,1,10,1,2,4,1,N,6,501,48-02101,1,1,43,2,2,2,2,2,N,1,2,4,45000.0,6,409,76.92307692307693
5,36,2,7,2,2,2,N,7,0,1,12,6,3,5,2,83000.0,2,91,48-02507,1,2,50,2,7,2,2,2,N,1,2,6,18000.0,4,205,53.84615384615385
6,52,2,7,2,2,2,N,4,0,1,15,1,2,4,1,5450.0,0,13,48-02507,6,2,60,2,7,2,2,2,N,1,0,2,12900.0,3,183,53.84615384615385
7,57,2,7,2,2,2,N,5,0,1,5,1,3,4,1,5450.0,8,501,48-02507,1,2,70,2,7,2,2,2,N,1,0,2,52000.0,7,501,61.53846153846154
8,82,2,2,2,2,2,N,2,0,1,N,N,11,4,1,N,N,501,48-02510,9,2,6,2,7,2,2,2,N,1,4,6,N,N,287,61.53846153846154
9,39,2,2,2,2,2,N,4,1,1,6,6,2,4,1,59800.0,5,501,48-02101,1,1,17,2,2,2,2,2,N,1,1,3,2500.0,1,268,53.84615384615385
10,36,2,6,2,2,2,N,4,0,1,N,N,3,5,1,40000.0,N,501,48-02510,1,2,14,2,7,2,2,2,N,1,2,4,N,N,295,53.84615384615385
11,40,2,7,2,2,2,N,5,1,1,N,6,0,N,1,25900.0,7,501,48-02507,1,2,18,2,7,2,2,2,N,1,0,5,0.0,0,257,61.53846153846154
12,77,2,2,2,2,2,N,4,0,1,11,6,0,4,1,N,5,501,48-02102,1,2,17,2,2,2,2,2,N,1,2,4,2000.0,1,501,69.23076923076923
13,40,2,7,2,2,2,N,7,0,1,N,3,0,N,1,79700.0,7,501,48-02510,1,1,87,1,7,1,1,2,N,1,0,N,119400.0,9,501,53.84615384615385
14,26,2,2,2,2,2,N,4,0,1,N,4,0,3,2,80040.0,8,136,48-02102,1,1,53,2,2,2,2,2,N,1,0,6,9000.0,2,249,61.53846153846154
15,27,2,6,2,2,2,N,7,0,1,10,6,0,N,1,44100.0,1,114,48-02515,1,1,18,2,6,2,2,2,N,1,0,2,7200.0,2,338,61.53846153846154
16,73,1,7,2,2,2,N,3,0,1,N,N,5,7,1,10520.0,N,501,48-02510,6,1,11,2,7,2,2,2,N,1,1,3,N,N,501,61.53846153846154
17,4,2,2,2,2,2,N,4,0,1,10,1,1,2,1,39930.0,6,304,48-02101,1,2,63,2,2,2,1,2,N,1,0,2,12000.0,3,501,53.84615384615385
18,41,2,6,2,2,2,N,9,0,1,6,6,0,4,2,47600.0,0,239,48-02515,1,2,52,2,6,2,2,2,N,1,0,N,38000.0,6,288,61.53846153846154
19,59,2,2,2,2,2,N,8,1,1,N,6,1,3,1,N,3,501,48-02101,1,2,21,2,2,2,2,2,N,1,1,3,0.0,0,209,69.23076923076923
20,35,2,5,2,2,2,N,9,0,1,11,1,2,3,2,47290.0,8,501,48-02516,1,2,31,2,5,2,2,2,N,1,3,5,4000.0,2,33,53.84615384615385
21,73,2,2,2,2,2,N,5,0,1,N,4,0,3,2,N,7,239,48-02101,1,1,73,1,2,2,1,1,5,1,0,3,27200.0,5,248,46.15384615384615
22,29,2,2,2,2,2,N,8,0,1,12,4,0,N,1,N,1,205,48-02102,1,2,70,2,2,2,2,2,N,1,0,2,175400.0,9,501,61.53846153846154
23,72,2,7,2,2,2,N,9,1,1,9,1,0,2,1,117040.0,0,304,48-02510,1,2,48,2,7,2,2,2,N,1,0,2,102000.0,9,501,69.23076923076923
24,13,2,2,2,2,2,N,4,0,1,9,6,0,2,1,19800.0,6,488,48-02101,1,1,16,2,2,2,2,2,N,1,3,5,0.0,0,232,53.84615384615385
25,2,2,7,2,2,2,N,9,0,1,10,1,0,3,2,40000.0,9,501,48-02507,1,1,37,2,7,2,2,2,N,1,0,2,22800.0,4,347,61.53846153846154
26,88,2,7,2,2,2,N,7,0,1,5,1,2,4,1,N,9,261,48-02516,1,2,55,2,5,2,2,2,N,1,0,3,130000.0,9,501,53.84615384615385
27,79,2,2,2,2,2,N,8,0,1,16,1,0,4,1,10520.0,9,499,48-02101,1,1,32,2,2,2,2,2,N,1,2,4,120000.0,9,501,69.23076923076923
28,32,2,2,2,2,2,N,9,1,1,16,1,2,3,1,13000.0,5,501,48-02102,1,1,47,2,2,2,2,2,4,1,3,6,41800.0,6,501,53.84615384615385
29,37,2,7,2,2,2,N,9,4,1,10,1,0,5,1,13000.0,8,13,48-02507,1,2,24,2,7,2,2,2,N,1,0,2,40000.0,6,501,61.53846153846154
30,37,2,7,2,2,2,N,4,0,1,11,1,2,4,1,20000.0,2,501,48-02510,1,1,68,2,7,2,1,2,N,1,0,2,18000.0,4,291,46.15384615384615
31,22,2,2,2,2,2,N,8,0,1,10,1,1,2,1,17300.0,6,488,48-02101,1,1,27,2,2,2,2,2,N,1,1,3,40000.0,6,353,69.23076923076923
32,92,2,2,2,2,2,N,7,0,1,5,1,0,2,1,121960.0,2,32,48-02101,1,2,38,2,2,2,2,2,N,1,2,4,60000.0,7,409,53.84615384615385
33,58,2,2,2,2,2,N,7,0,1,N,4,0,2,1,N,1,102,48-02101,9,2,69,2,2,2,2,2,N,1,3,6,9500.0,2,299,53.84615384615385
34,8,2,7,2,2,2,N,7,0,1,12,4,0,N,1,219700.0,7,114,48-02510,1,2,64,2,7,2,2,2,N,1,0,N,53000.0,7,404,76.92307692307693
35,37,2,7,2,2,2,N,7,0,1,4,6,1,3,1,980.0,3,472,48-02507,1,1,39,2,7,2,2,2,N,1,0,2,25000.0,4,501,53.84615384615385
36,10,2,6,2,2,2,N,5,0,1,N,3,0,6,1,370600.0,5,310,48-02515,1,1,82,2,6,2,2,1,N,1,0,N,0.0,0,0,53.84615384615385
37,57,2,6,2,2,2,N,7,0,2,14,6,N,N,0,146000.0,0,243,48-02515,1,2,24,2,6,2,2,2,N,2,N,N,20000.0,4,N,69.23076923076923
38,77,2,7,2,2,2,N,5,0,1,N,6,0,3,2,59800.0,4,465,48-02507,2,2,21,2,7,2,2,2,N,1,0,3,0.0,0,203,69.23076923076923
39,57,2,2,2,2,2,N,4,0,1,12,6,3,3,1,28030.0,8,316,48-02102,1,1,16,2,2,2,2,2,N,1,3,5,1800.0,1,252,61.53846153846154
40,9,2,2,2,2,2,N,7,1,1,15,1,0,2,1,13000.0,8,111,48-02101,8,1,45,2,2,2,2,1,5,1,1,3,60700.0,7,501,38.46153846153847
41,26,2,7,2,1,1,N,7,0,2,N,4,N,N,0,N,4,501,48-02510,1,2,75,2,7,2,1,1,N,2,N,N,0.0,0,N,69.23076923076923
42,39,2,7,2,2,2,N,6,0,1,11,1,3,5,1,105000.0,9,501,48-02507,2,1,45,2,7,2,2,2,N,1,0,2,30000.0,5,293,53.84615384615385
43,44,2,2,2,2,2,N,7,1,1,15,1,3,5,1,59800.0,7,501,48-02102,1,2,58,2,2,2,2,2,N,1,0,2,42000.0,6,468,53.84615384615385
44,43,2,2,2,2,2,N,5,0,1,7,4,0,N,1,185000.0,9,362,48-02101,1,1,34,2,2,2,2,2,N,1,0,3,37000.0,6,501,61.53846153846154
45,47,2,2,2,2,2,N,9,0,1,4,6,2,4,1,0.0,2,501,48-02101,1,2,37,2,2,2,2,2,N,1,1,2,65000.0,8,374,53.84615384615385
46,46,2,7,2,N,N,N,2,1,1,N,N,0,3,2,95600.0,N,191,48-02507,2,2,3,2,7,2,N,N,N,1,2,4,N,N,317,61.53846153846154
47,63,2,7,2,2,2,N,2,0,1,N,N,0,5,1,80040.0,N,501,48-02510,8,1,5,2,7,2,2,2,N,1,3,5,N,N,501,76.92307692307693
48,63,2,6,2,N,1,N,3,2,1,N,N,2,7,2,20900.0,N,114,48-02515,1,1,9,2,6,2,2,2,N,1,2,4,N,N,252,53.84615384615385
49,7,2,7,2,2,2,N,7,0,1,N,3,1,3,1,117040.0,4,501,48-02507,1,1,88,1,7,1,1,1,N,1,0,2,13200.0,3,174,23.076923076923077
50,88,2,5,2,2,2,N,9,0,1,N,4,0,N,2,N,3,239,48-02516,1,1,69,1,5,2,2,2,5,1,0,3,14300.0,3,190,53.84615384615385
51,7,2,7,2,2,2,N,8,0,1,10,1,0,2,1,N,9,501,48-02507,1,2,43,2,7,2,2,2,N,1,1,4,55400.0,7,491,53.84615384615385
52,62,2,2,2,2,2,N,9,0,1,4,1,0,3,1,160500.0,5,1,48-02101,6,1,39,2,2,2,2,2,N,1,2,4,19200.0,4,379,53.84615384615385
53,49,2,2,2,2,2,N,6,0,1,9,1,1,4,1,9200.0,8,324,48-02102,1,1,73,1,2,2,2,2,3,1,0,2,56700.0,7,501,38.46153846153847
54,57,2,6,2,2,2,N,10,0,1,12,1,0,2,2,20900.0,9,501,48-02515,1,1,27,2,6,2,2,2,N,1,0,2,22000.0,4,316,69.23076923076923
55,17,1,7,2,2,2,N,4,0,1,N,3,0,2,1,0.0,7,13,48-02507,2,2,77,2,7,2,1,2,N,1,0,5,8000.0,2,375,46.15384615384615
56,14,2,2,2,2,2,N,4,2,1,N,6,2,4,1,N,8,501,48-02101,1,2,15,2,2,2,2,2,N,1,1,5,0.0,0,501,61.53846153846154
57,57,2,7,2,2,2,N,9,0,1,10,1,1,3,1,96000.0,9,499,48-02510,9,1,53,2,7,2,2,2,N,1,1,3,150020.0,9,501,76.92307692307693
58,21,2,5,2,2,2,N,10,0,1,7,1,0,2,1,980.0,6,13,48-02516,1,2,32,2,5,2,2,2,N,1,0,2,87000.0,8,501,69.23076923076923
59,72,2,7,2,2,2,N,2,1,1,N,N,1,2,1,2430.0,N,434,48-02510,1,2,4,2,7,2,N,N,N,1,3,5,N,N,133,46.15384615384615
60,40,2,5,2,2,2,N,4,0,1,N,6,0,N,1,13200.0,0,290,48-02516,6,2,38,1,5,2,2,2,N,1,0,5,9000.0,2,374,53.84615384615385
61,43,2,2,2,2,1,N,5,1,1,7,1,2,3,1,N,7,501,48-02102,1,1,39,2,2,2,2,2,N,1,3,5,21700.0,4,73,46.15384615384615
62,5,2,6,2,2,2,N,7,0,1,7,6,2,5,2,185000.0,0,226,48-02515,1,2,47,2,6,2,2,2,N,1,0,N,72000.0,8,501,53.84615384615385
63,15,2,6,2,2,2,N,9,0,1,10,4,0,2,2,185700.0,7,501,48-02515,1,1,49,2,6,2,2,2,N,1,0,N,110000.0,9,501,69.23076923076923
64,63,2,2,2,2,2,N,7,0,1,6,4,0,2,2,40000.0,7,501,48-02102,1,1,37,2,2,2,2,2,N,1,2,3,78000.0,8,381,53.84615384615385
65,57,2,6,2,2,2,N,10,0,1,17,1,0,2,2,18700.0,9,239,48-02515,1,1,40,2,6,2,2,2,N,1,1,3,100000.0,9,487,61.53846153846154
66,23,2,7,2,N,N,3,N,4,1,N,N,5,7,2,93900.0,N,501,48-02507,1,2,2,2,7,2,N,N,N,1,2,4,N,N,492,53.84615384615385
67,44,2,6,2,2,2,N,9,0,1,11,6,1,2,1,39930.0,6,336,48-02515,1,1,45,2,6,2,2,2,N,1,0,N,55000.0,7,419,53.84615384615385
68,19,2,7,2,2,2,N,5,0,1,N,3,0,3,1,140.0,4,83,48-02510,1,1,62,2,7,2,2,2,6,1,0,3,1300.0,1,163,61.53846153846154
69,12,2,7,2,2,2,N,7,1,1,10,4,0,N,1,N,7,91,48-02510,1,2,36,2,7,2,2,2,N,1,0,5,4000.0,2,501,61.53846153846154
70,9,2,2,2,2,2,N,7,0,1,14,4,0,N,1,170700.0,3,501,48-02101,1,2,69,2,2,2,1,2,N,1,1,5,31200.0,5,501,53.84615384615385
71,62,1,7,2,2,2,N,10,1,1,11,1,0,3,1,140.0,9,501,48-02507,1,2,53,2,7,2,2,2,N,1,0,2,36000.0,6,501,61.53846153846154
72,15,2,5,2,2,2,N,12,0,1,12,1,0,2,1,99000.0,3,501,48-02516,1,2,51,2,5,2,2,2,N,1,1,4,25000.0,4,501,61.53846153846154
73,64,2,7,2,2,2,N,9,1,1,11,1,3,5,1,108800.0,4,501,48-02510,1,1,61,2,7,2,2,2,N,1,0,5,167600.0,9,501,69.23076923076923
74,21,2,2,2,2,2,N,4,0,1,11,6,0,2,1,109000.0,6,465,48-02102,1,1,17,2,2,2,2,2,N,1,1,4,4000.0,2,501,53.84615384615385
75,52,2,2,2,2,2,N,9,0,1,11,3,2,N,1,N,5,371,48-02101,1,2,62,2,2,2,2,2,N,1,0,4,60650.0,7,501,53.84615384615385
76,84,2,2,2,2,2,N,3,0,1,15,1,1,3,1,N,4,501,48-02102,1,1,92,1,2,2,1,2,N,1,0,2,128560.0,9,501,46.15384615384615
77,56,2,6,2,2,2,N,6,0,1,N,3,0,N,1,53500.0,2,501,48-02515,1,2,75,2,6,2,2,2,N,1,0,N,29600.0,5,242,69.23076923076923
78,54,2,2,2,1,1,N,5,0,1,14,1,0,3,2,86300.0,5,501,48-02102,1,2,30,2,2,2,2,2,N,1,2,4,20000.0,4,226,38.46153846153847
79,60,2,7,2,2,2,N,4,0,1,3,1,0,3,1,117040.0,0,355,48-02507,1,1,58,2,7,2,2,2,N,1,0,2,150000.0,9,501,61.53846153846154
80,65,2,2,2,1,2,N,7,0,1,6,1,11,4,2,N,8,153,48-02101,1,1,32,2,2,2,2,2,N,1,4,6,6000.0,2,85,46.15384615384615
81,48,2,5,2,2,2,N,8,0,1,7,4,0,2,1,0.0,9,501,48-02516,1,1,51,2,5,2,2,2,N,1,0,N,61900.0,7,470,61.53846153846154
82,42,2,2,2,2,2,N,7,0,1,11,3,0,N,1,109000.0,6,324,48-02102,1,2,63,2,2,2,2,2,N,1,0,2,20000.0,4,169,61.53846153846154
83,40,2,2,2,2,2,N,9,0,1,7,4,0,N,1,18000.0,7,1,48-02102,1,1,63,2,2,2,2,2,N,1,0,2,483000.0,9,501,61.53846153846154
84,15,2,5,2,1,1,N,9,0,1,4,1,4,8,2,0.0,2,501,48-02516,1,2,24,2,5,2,2,2,N,1,0,2,16000.0,3,302,38.46153846153847
85,45,2,5,2,2,2,N,9,0,1,15,6,0,2,1,0.0,0,501,48-02516,1,1,36,2,5,2,2,2,N,1,0,N,111000.0,9,501,69.23076923076923
86,39,2,7,2,2,2,N,7,0,1,N,6,0,2,2,170700.0,0,501,48-02510,1,1,21,2,7,2,2,2,N,1,0,3,0.0,0,501,76.92307692307693
87,35,2,7,2,2,2,N,5,0,1,N,1,4,6,2,47290.0,7,169,48-02510,1,2,31,2,7,2,2,2,N,1,2,4,0.0,0,465,53.84615384615385
88,59,2,2,2,2,2,N,6,0,1,N,3,0,3,2,183000.0,7,501,48-02102,1,2,71,2,2,2,2,2,N,1,0,4,2900.0,1,179,61.53846153846154
89,67,2,5,2,2,2,N,7,1,1,6,1,0,2,1,40000.0,5,501,48-02516,1,2,53,2,5,2,2,2,N,1,0,3,0.0,0,501,69.23076923076923
90,9,2,2,2,2,2,N,9,0,1,9,6,2,4,2,105000.0,1,336,48-02101,1,1,36,2,2,2,2,2,N,1,2,3,65000.0,8,494,61.53846153846154
91,13,2,5,2,1,1,N,8,0,2,N,3,N,N,0,80040.0,4,226,48-02516,1,1,81,2,5,2,1,1,N,2,N,N,0.0,0,N,69.23076923076923
92,69,2,6,2,2,N,N,9,0,1,12,4,3,3,1,28030.0,9,501,48-02515,1,2,34,2,6,2,2,2,N,1,2,3,60000.0,7,453,53.84615384615385
93,22,2,2,2,2,2,N,3,1,1,N,N,2,4,2,230000.0,N,501,48-02102,2,1,13,2,2,2,2,2,N,1,2,5,N,N,393,69.23076923076923
94,10,2,6,2,2,2,N,7,1,1,6,6,0,2,1,95600.0,5,501,48-02515,1,1,22,2,6,2,2,2,N,1,0,3,30000.0,5,447,69.23076923076923
95,7,2,7,2,2,2,N,2,0,1,N,N,2,5,2,80040.0,N,258,48-02510,9,1,6,2,7,2,2,2,N,1,2,3,N,N,300,69.23076923076923
96,20,2,7,2,2,2,N,5,0,1,11,1,0,3,1,0.0,8,501,48-02507,2,2,61,2,7,2,2,2,N,1,0,3,18500.0,4,501,76.92307692307693
97,35,2,2,2,2,2,N,5,0,1,7,6,1,3,1,53500.0,4,501,48-02101,1,2,23,2,2,2,2,2,N,1,0,4,8000.0,2,501,61.53846153846154
98,35,2,5,2,2,1,N,8,0,1,14,1,4,8,1,N,6,226,48-02516,1,1,30,2,5,2,2,2,N,1,0,2,42500.0,6,501,53.84615384615385
99,66,2,7,2,2,2,N,9,0,1,4,6,2,4,1,17300.0,8,501,48-02516,1,1,22,2,5,2,2,2,N,1,1,4,3000.0,1,501,61.53846153846154
100,35,2,6,2,2,2,N,9,0,1,4,4,0,N,1,7800.0,7,371,48-02515,1,1,36,2,6,2,2,2,N,1,0,3,55000.0,7,501,69.23076923076923
101,59,2,7,2,N,N,N,N,1,1,N,N,3,3,2,40000.0,N,501,48-02507,1,2,1,2,7,2,N,N,N,1,2,5,N,N,80,61.53846153846154
102,11,2,2,2,2,2,N,6,0,1,16,1,0,5,1,248000.0,5,324,48-02102,1,1,45,2,2,2,2,2,N,1,2,4,40000.0,6,292,53.84615384615385
103,12,2,5,2,2,2,N,7,0,1,15,1,0,2,2,130500.0,5,91,48-02516,1,1,38,1,5,2,2,2,N,1,1,3,48000.0,6,501,46.15384615384615
104,69,2,2,2,2,2,6,6,0,1,11,1,0,2,1,47290.0,3,501,48-02102,1,2,62,2,2,2,2,2,N,1,0,2,32000.0,5,501,69.23076923076923
105,1,2,7,2,2,2,N,7,1,1,N,1,1,2,1,N,7,13,48-02507,1,2,28,2,7,2,2,2,N,1,2,4,0.0,0,140,53.84615384615385
106,12,2,7,2,2,2,N,8,0,1,14,6,0,N,1,36600.0,3,501,48-02507,1,2,21,2,7,2,2,2,N,1,1,4,7000.0,2,491,53.84615384615385
107,50,2,7,2,2,N,N,N,1,1,N,N,0,3,1,0.0,N,1,48-02507,8,2,2,2,7,2,N,N,N,1,2,4,N,N,292,53.84615384615385
108,41,2,2,2,2,2,N,9,0,1,12,1,0,4,1,31960.0,5,501,48-02102,2,1,46,2,2,2,2,2,N,1,3,5,36000.0,6,315,53.84615384615385
109,77,2,2,2,2,2,N,5,0,1,4,1,0,7,1,4400.0,6,290,48-02101,2,1,40,2,2,2,2,2,N,1,2,5,135000.0,9,501,53.84615384615385
110,2,2,6,2,2,2,N,7,1,1,N,6,0,3,2,79700.0,3,501,48-02515,1,2,19,2,6,2,2,2,N,1,1,4,0.0,0,120,53.84615384615385
111,16,2,2,2,2,2,N,7,0,1,10,1,2,3,1,26100.0,6,287,48-02101,2,1,63,2,2,2,2,2,4,1,0,2,199000.0,9,501,46.15384615384615
112,62,2,6,2,2,2,N,5,1,1,4,6,0,N,1,370600.0,3,114,48-02515,1,1,62,2,6,2,2,2,N,1,0,N,38000.0,6,286,76.92307692307693
113,2,2,7,2,2,2,N,5,0,1,12,4,0,N,1,980.0,8,443,48-02510,1,2,40,2,7,2,2,2,N,1,2,3,20000.0,4,152,53.84615384615385
114,42,2,7,2,2,2,N,3,1,1,N,6,0,2,1,0.0,5,65,48-02507,8,1,15,2,7,2,2,2,N,1,4,5,0.0,0,84,61.53846153846154
115,16,2,7,2,2,2,N,4,1,1,6,1,2,4,1,18700.0,6,169,48-02507,1,1,44,2,7,2,2,2,N,1,0,2,85000.0,8,501,53.84615384615385
116,57,2,2,2,2,2,N,7,0,1,4,1,0,4,1,108800.0,6,1,48-02101,2,1,67,2,2,2,2,2,N,1,0,3,69270.0,8,501,61.53846153846154
117,47,2,5,2,2,2,N,9,0,1,12,1,1,2,1,20900.0,7,251,48-02516,1,1,39,2,5,2,2,2,N,1,2,4,250000.0,9,501,53.84615384615385
118,14,2,6,2,2,2,N,5,0,1,3,6,2,4,1,105000.0,3,102,48-02515,1,1,45,2,6,2,2,2,N,1,0,N,8500.0,2,64,53.84615384615385
119,26,2,6,2,2,2,N,3,2,1,N,N,5,7,2,185700.0,N,169,48-02515,1,2,11,2,6,2,2,2,N,1,2,4,N,N,252,61.53846153846154
120,69,2,7,2,2,2,N,5,0,1,N,3,0,N,1,0.0,7,136,48-02507,2,2,76,2,7,2,2,2,N,1,0,2,8400.0,2,129,61.53846153846154
121,59,2,7,2,2,2,N,10,0,1,7,1,2,3,1,36600.0,3,205,48-02507,1,2,53,2,7,2,2,2,N,1,0,2,80000.0,8,501,53.84615384615385
122,37,2,5,2,2,2,N,10,1,1,4,1,1,4,1,40000.0,4,85,48-02516,1,1,35,1,5,2,2,2,N,1,3,5,99000.0,8,490,46.15384615384615
123,16,2,5,2,2,2,N,2,4,1,N,N,3,5,1,49100.0,N,355,48-02516,1,1,5,2,5,2,2,2,N,1,4,5,N,N,182,69.23076923076923
124,43,2,6,2,1,1,N,7,1,1,6,1,0,2,1,117040.0,9,303,48-02510,1,1,56,2,7,2,2,2,N,1,0,2,80000.0,8,501,46.15384615384615
125,52,2,6,2,2,2,N,3,0,1,N,N,2,4,1,219700.0,N,303,48-02515,2,2,13,2,6,2,2,2,N,1,2,5,N,N,413,69.23076923076923
126,34,2,7,2,2,2,N,9,0,1,10,4,0,N,2,31960.0,7,226,48-02510,1,1,70,2,7,2,2,2,N,1,0,N,125700.0,9,501,69.23076923076923
127,47,2,7,2,2,2,N,8,0,1,11,6,0,3,2,4400.0,5,428,48-02507,2,1,46,2,7,2,2,2,N,1,0,N,36000.0,6,275,61.53846153846154
128,4,2,7,2,2,2,N,8,0,1,4,1,0,2,1,0.0,8,205,48-02516,1,2,38,2,5,2,2,2,N,1,11,13,8000.0,2,203,46.15384615384615
129,51,2,2,2,2,2,N,9,0,1,16,1,0,2,1,11300.0,8,467,48-02102,1,2,34,2,2,2,2,2,N,1,2,4,79000.0,8,501,61.53846153846154
130,32,2,5,2,2,2,N,4,0,1,8,6,3,5,1,23700.0,5,97,48-02516,1,1,17,2,5,2,2,2,N,1,1,3,4000.0,2,501,53.84615384615385
131,64,2,6,2,2,2,N,9,0,1,6,1,0,2,2,6800.0,9,83,48-02515,1,1,43,2,6,2,2,1,N,1,2,5,96850.0,8,399,46.15384615384615
132,58,1,7,2,2,2,N,7,0,1,4,1,0,2,1,N,0,287,48-02507,1,2,53,2,7,2,2,2,N,1,0,3,60000.0,7,461,53.84615384615385
133,75,2,7,2,2,2,N,10,0,1,N,1,2,4,1,0.0,1,32,48-02507,2,2,30,2,7,2,2,2,N,1,2,4,0.0,0,323,76.92307692307693
134,4,2,7,2,2,2,N,5,1,1,N,1,0,2,1,117040.0,5,443,48-02507,1,2,24,2,7,2,2,2,N,1,1,3,0.0,0,293,53.84615384615385
135,14,2,2,2,N,N,N,1,0,1,N,N,1,4,1,0.0,N,378,48-02102,2,1,5,2,2,2,2,2,N,1,2,4,N,N,501,53.84615384615385
136,38,2,2,2,2,2,N,4,0,1,11,1,0,2,1,80040.0,5,287,48-02101,1,2,68,2,2,2,2,2,N,1,0,2,30000.0,5,501,76.92307692307693
137,64,2,7,2,2,2,N,5,0,1,9,6,0,2,1,219000.0,3,467,48-02510,1,2,18,2,7,2,2,2,N,1,0,3,3800.0,2,83,61.53846153846154
138,37,2,5,2,2,2,N,7,0,1,7,1,0,2,2,185700.0,7,501,48-02516,1,1,62,2,5,2,2,2,N,1,0,2,85000.0,8,501,76.92307692307693
139,20,2,7,2,2,2,N,5,0,1,6,6,1,3,2,219700.0,3,501,48-02507,1,2,24,2,7,2,2,2,N,1,2,6,12000.0,3,205,61.53846153846154
140,68,2,2,2,2,2,N,7,0,1,10,1,1,2,2,39930.0,5,362,48-02102,1,1,27,2,2,2,2,2,N,1,0,2,12000.0,3,305,61.53846153846154
141,40,2,2,2,2,2,N,9,0,1,6,1,0,5,1,23700.0,2,226,48-02101,2,2,64,2,2,2,2,2,N,1,0,2,33700.0,5,501,61.53846153846154
142,35,2,7,2,2,2,N,7,0,1,10,4,0,2,1,228100.0,7,501,48-02510,1,1,57,2,7,2,2,2,N,1,0,N,483500.0,9,501,69.23076923076923
143,37,1,2,2,2,2,N,7,0,2,N,6,N,N,0,28030.0,1,501,48-02102,1,1,19,2,2,2,2,2,N,3,N,N,0.0,0,N,53.84615384615385
144,39,2,6,2,2,2,N,5,0,1,14,6,0,N,1,0.0,0,501,48-02515,2,2,33,2,6,2,2,2,N,1,0,2,57000.0,7,336,61.53846153846154
145,37,2,2,2,2,2,N,9,0,1,13,4,0,2,2,105000.0,7,226,48-02102,1,2,43,2,2,1,2,2,N,1,3,4,88000.0,8,343,46.15384615384615
146,6,2,7,2,2,2,N,9,0,1,16,6,0,4,1,0.0,6,501,48-02507,1,1,34,2,7,2,2,2,N,1,0,N,63040.0,7,482,61.53846153846154
147,32,2,7,2,2,2,N,6,0,1,7,1,1,3,1,N,5,467,48-02507,1,1,66,2,7,2,2,2,N,1,0,2,86400.0,8,501,53.84615384615385
148,32,2,2,2,2,2,3,9,1,1,12,1,0,2,1,93900.0,0,226,48-02102,1,2,30,2,2,2,2,2,N,1,2,4,80000.0,8,501,46.15384615384615
149,88,2,2,2,2,2,N,9,0,1,12,4,2,N,1,47290.0,4,501,48-02102,1,2,35,2,2,2,2,2,N,1,3,4,90000.0,8,350,53.84615384615385
150,13,2,7,2,2,2,N,7,0,1,N,6,1,4,2,96000.0,3,501,48-02507,1,2,19,2,7,2,2,2,N,1,0,5,0.0,0,95,53.84615384615385
151,9,1,2,2,2,2,N,9,0,1,N,4,0,N,2,140.0,9,32,48-02102,1,1,72,2,2,2,2,2,4,1,0,N,21600.0,4,179,53.84615384615385
152,33,2,2,2,2,2,N,4,0,1,N,6,2,4,2,146000.0,4,501,48-02101,2,1,20,2,2,2,2,2,N,1,2,4,0.0,0,122,69.23076923076923
153,50,2,2,2,2,2,N,6,1,1,4,1,0,2,1,4400.0,2,496,48-02102,1,1,55,2,2,2,2,2,N,1,0,4,30000.0,5,384,61.53846153846154
154,37,2,2,2,N,N,N,1,0,1,N,N,1,3,2,95600.0,N,501,48-02101,1,2,3,2,2,2,N,N,N,1,2,4,N,N,239,61.53846153846154
155,2,2,7,2,2,2,N,7,0,1,12,6,0,4,1,105000.0,0,501,48-02507,1,2,26,2,7,2,2,2,N,1,0,N,56000.0,7,424,61.53846153846154
156,75,2,2,2,2,2,N,4,0,1,6,1,0,4,1,0.0,9,501,48-02102,1,2,45,2,2,2,2,2,N,1,1,4,9000.0,2,298,61.53846153846154
157,4,2,6,2,2,2,N,6,0,1,6,1,0,2,1,219000.0,9,501,48-02515,1,1,73,1,6,1,2,2,4,1,0,3,35300.0,6,272,38.46153846153847
158,25,2,2,2,2,2,N,7,0,1,11,1,2,4,2,28030.0,3,501,48-02102,1,2,39,2,2,2,2,2,N,1,2,4,13200.0,3,356,76.92307692307693
159,11,2,5,2,2,2,N,4,0,1,N,3,0,N,1,9200.0,4,316,48-02516,1,1,74,2,5,2,2,2,N,1,0,3,10000.0,2,501,61.53846153846154
160,13,2,2,2,2,2,N,1,1,1,N,N,0,3,1,18000.0,N,467,48-02101,8,1,3,2,2,2,N,N,N,1,4,6,N,N,178,46.15384615384615
161,37,2,2,2,2,2,N,3,4,1,N,N,3,5,2,25900.0,N,13,48-02101,1,1,9,2,2,2,2,2,N,1,2,4,N,N,204,61.53846153846154
162,12,2,5,2,2,2,N,9,0,1,1,1,0,2,1,185000.0,9,501,48-02516,1,1,52,2,5,2,2,2,N,1,0,2,150000.0,9,501,84.61538461538461
163,70,2,2,2,2,2,N,5,1,1,9,1,3,5,1,183000.0,5,258,48-02102,1,1,29,2,2,2,2,2,N,1,0,4,32000.0,5,328,61.53846153846154
164,72,2,7,2,2,2,N,10,0,1,4,1,1,3,1,105000.0,4,501,48-02507,2,1,37,2,7,2,2,2,N,1,2,4,83000.0,8,323,53.84615384615385
165,52,2,5,2,N,N,N,N,0,1,N,N,0,5,2,47600.0,N,501,48-02516,2,1,1,2,5,2,N,N,N,1,3,6,N,N,127,61.53846153846154
166,49,2,2,2,2,2,N,7,1,1,6,6,0,N,2,18000.0,2,501,48-02102,1,1,50,2,2,2,2,2,N,1,0,2,3800.0,2,59,69.23076923076923
167,34,2,2,2,2,2,N,4,0,1,6,1,0,3,1,N,4,309,48-02101,1,2,77,1,2,1,1,1,N,1,0,3,17900.0,4,368,46.15384615384615
168,5,2,5,2,2,2,N,7,0,1,9,1,0,2,2,109000.0,3,191,48-02516,1,2,28,2,5,2,2,2,N,1,0,2,45000.0,6,501,69.23076923076923
169,46,2,2,2,2,2,N,7,0,1,3,1,5,6,2,105000.0,8,287,48-02101,1,1,61,2,2,2,2,2,N,1,1,3,60000.0,7,304,53.84615384615385
170,56,2,5,2,2,2,N,4,1,1,6,6,4,6,1,219000.0,8,336,48-02516,1,1,18,2,5,2,2,2,N,1,2,5,0.0,0,218,53.84615384615385
171,58,2,7,2,2,2,N,5,0,1,N,4,2,3,2,55000.0,2,355,48-02510,1,2,81,2,7,2,1,1,N,1,0,N,29700.0,5,245,38.46153846153847
172,16,2,5,2,2,1,N,7,0,1,5,4,3,5,2,0.0,1,264,48-02102,1,2,71,2,2,2,2,2,N,1,0,N,22100.0,4,181,38.46153846153847
173,35,2,5,2,2,2,N,8,0,1,16,1,2,3,1,0.0,6,258,48-02516,1,2,50,2,5,2,2,2,N,1,1,3,38000.0,6,501,69.23076923076923
174,48,2,7,2,2,2,N,6,0,1,N,1,0,2,1,9200.0,4,501,48-02507,1,1,82,2,7,2,2,2,N,1,0,2,33500.0,5,297,69.23076923076923
175,37,2,7,2,2,2,N,10,0,1,1,1,0,4,1,138000.0,7,136,48-02510,1,1,40,2,7,2,2,2,N,1,2,4,250000.0,9,501,61.53846153846154
176,10,2,7,2,2,2,N,9,0,1,N,3,0,N,2,140.0,6,290,48-02507,1,2,84,2,7,2,2,2,N,1,0,N,21000.0,4,172,69.23076923076923
177,66,2,2,2,2,2,N,8,1,1,6,1,0,4,1,19800.0,8,114,48-02101,1,2,36,2,2,2,2,2,N,1,1,3,34000.0,5,472,53.84615384615385
178,61,2,5,2,2,2,N,5,1,1,15,1,2,4,1,370600.0,6,264,48-02516,1,2,53,2,5,2,2,2,N,1,0,2,12000.0,3,457,53.84615384615385
179,32,2,2,2,2,2,N,5,1,1,7,6,0,5,1,59800.0,7,261,48-02102,1,1,27,2,2,2,2,2,N,1,0,4,37000.0,6,328,61.53846153846154
180,1,2,7,2,2,2,N,7,0,1,9,1,4,6,1,105000.0,8,501,48-02507,1,1,38,2,7,2,2,2,N,1,2,4,5000.0,2,19,53.84615384615385
181,28,2,5,2,2,2,N,8,0,1,14,4,0,2,1,59400.0,0,102,48-02516,1,2,46,2,5,2,2,2,N,1,0,2,58400.0,7,501,69.23076923076923
182,62,2,6,2,2,N,N,9,0,1,6,6,3,6,1,11300.0,1,114,48-02515,1,2,54,2,6,2,2,2,N,1,0,N,114320.0,9,501,46.15384615384615
183,59,2,2,2,2,2,N,5,1,1,7,1,0,2,1,83000.0,5,83,48-02101,1,1,30,2,2,2,2,2,N,1,2,5,83000.0,8,408,61.53846153846154
184,53,2,7,2,2,2,N,4,0,1,14,6,1,4,2,59400.0,3,136,48-02516,1,2,17,2,5,2,2,2,N,1,0,5,300.0,1,240,46.15384615384615
185,30,2,5,2,2,2,N,5,0,1,12,4,0,N,1,N,7,305,48-02507,1,2,59,2,7,2,2,2,N,1,0,2,45000.0,6,501,53.84615384615385
186,33,2,2,2,N,N,N,N,0,1,N,N,1,3,1,2800.0,N,501,48-02101,2,2,0,2,2,2,N,N,N,1,0,5,N,N,161,61.53846153846154
187,46,2,2,2,2,2,N,9,0,1,11,4,0,2,1,0.0,7,501,48-02101,1,1,71,1,2,2,2,2,4,1,0,N,37300.0,6,309,46.15384615384615
188,8,2,7,2,2,2,3,9,0,1,9,4,0,N,1,N,9,1,48-02510,1,1,54,2,7,2,2,2,N,1,0,3,10000.0,2,76,53.84615384615385
189,27,2,2,2,2,2,N,7,0,1,15,1,0,2,2,N,9,191,48-02101,1,2,22,2,2,2,2,2,N,1,1,3,11700.0,3,145,53.84615384615385
190,45,2,2,2,2,2,N,8,0,1,6,6,0,5,1,17300.0,3,169,48-02101,1,1,22,2,2,2,2,2,N,1,0,3,30000.0,5,501,61.53846153846154
191,63,2,6,2,2,2,N,5,0,1,N,1,0,2,1,39930.0,5,226,48-02515,2,1,47,2,6,2,1,2,N,1,0,3,9000.0,2,501,53.84615384615385
192,9,2,7,2,N,N,N,2,0,1,N,N,3,6,1,26100.0,N,305,48-02510,6,2,4,2,7,2,N,N,N,1,3,5,N,N,146,69.23076923076923
193,52,2,2,2,2,2,6,5,0,1,14,4,0,2,1,83000.0,7,472,48-02102,1,2,73,2,2,2,2,2,N,1,0,N,53500.0,7,441,61.53846153846154
194,30,2,2,2,2,2,N,7,1,1,3,6,1,5,1,47290.0,8,501,48-02101,1,1,27,2,2,2,2,2,N,1,0,5,24000.0,4,251,61.53846153846154
195,10,2,6,2,2,2,N,5,0,1,N,6,0,2,2,0.0,0,501,48-02515,1,1,65,2,6,2,2,2,N,1,0,N,11100.0,3,91,61.53846153846154
196,47,2,7,2,2,2,N,6,0,1,15,1,0,2,1,86300.0,5,287,48-02510,1,2,49,2,7,2,2,2,N,1,0,3,35000.0,5,501,69.23076923076923
197,14,2,2,2,N,1,N,3,4,1,N,N,0,2,2,N,N,65,48-02101,1,2,7,2,2,2,2,2,N,1,4,6,N,N,85,53.84615384615385
198,36,2,2,2,2,2,N,9,0,1,12,6,0,2,2,N,1,501,48-02101,1,2,24,2,2,2,2,2,N,1,0,5,12000.0,3,501,69.23076923076923
199,59,2,2,2,2,2,N,5,0,1,3,1,0,3,2,980.0,7,114,48-02102,1,2,32,2,2,2,2,2,N,1,2,4,38000.0,6,249,53.84615384615385
200,75,2,5,2,2,2,N,7,0,1,10,4,0,N,1,19800.0,7,102,48-02516,1,1,45,2,5,2,2,2,N,1,0,N,155000.0,9,501,69.23076923076923
201,25,2,6,2,2,2,N,8,0,1,9,1,2,3,1,80040.0,6,136,48-02515,1,2,58,2,6,2,2,2,N,1,0,3,50000.0,7,501,61.53846153846154
202,67,2,2,2,2,2,N,10,0,1,3,1,0,3,1,370600.0,9,102,48-02101,1,2,29,2,2,2,2,2,N,1,1,3,70000.0,8,501,61.53846153846154
203,66,2,2,2,2,2,N,10,0,1,10,6,2,4,1,N,0,226,48-02102,1,1,34,2,2,2,2,2,N,1,0,3,24000.0,4,350,53.84615384615385
204,66,2,2,2,2,2,N,5,0,1,10,4,0,N,2,N,7,499,48-02102,1,1,46,2,2,2,2,2,N,1,0,2,20000.0,4,334,61.53846153846154
205,26,2,6,2,2,2,N,7,0,1,14,1,0,2,1,0.0,5,226,48-02515,1,2,68,2,6,2,2,2,N,1,0,2,11100.0,3,501,69.23076923076923
206,0,2,2,2,2,2,N,5,4,1,15,1,2,4,1,152500.0,8,499,48-02101,1,2,40,2,2,2,2,2,N,1,2,4,16200.0,3,450,69.23076923076923
207,15,2,2,2,2,2,N,5,0,1,7,6,2,7,1,N,0,205,48-02101,1,1,28,2,2,2,2,2,N,1,0,2,483000.0,9,501,53.84615384615385
208,48,2,2,2,2,2,N,9,0,1,16,4,0,N,1,170700.0,8,501,48-02101,1,1,52,2,2,2,2,2,N,1,0,2,82000.0,8,481,69.23076923076923
209,22,2,2,2,2,2,N,5,0,1,11,6,3,5,1,N,0,13,48-02102,1,2,26,2,2,2,2,2,N,1,0,6,19180.0,4,374,53.84615384615385
210,31,2,5,2,2,2,N,4,0,1,15,6,3,5,2,219000.0,5,N,48-02516,1,2,16,2,5,2,2,2,N,1,2,3,3000.0,1,212,53.84615384615385
211,84,2,2,2,N,N,N,2,0,1,N,N,5,7,2,138000.0,N,305,48-02101,2,2,5,2,2,2,2,2,N,1,3,5,N,N,76,46.15384615384615
212,46,1,7,2,2,2,N,4,0,1,N,1,0,2,1,185000.0,9,378,48-02510,1,2,63,2,7,2,2,2,N,1,0,3,10100.0,3,501,53.84615384615385
213,48,2,6,2,2,2,N,9,0,1,16,6,0,N,2,11300.0,3,114,48-02515,1,1,44,2,6,2,2,2,N,1,0,N,103100.0,9,501,69.23076923076923
214,8,2,2,2,2,2,N,4,0,1,6,4,0,N,2,N,2,496,48-02102,1,2,62,2,2,2,2,2,N,1,0,3,23900.0,4,116,61.53846153846154
215,17,2,2,2,2,2,N,12,0,1,11,1,1,4,1,26600.0,8,83,48-02101,1,2,66,2,2,2,2,2,N,1,0,2,85600.0,8,501,61.53846153846154
216,11,2,7,2,2,2,N,5,0,1,10,6,2,4,1,108800.0,0,501,48-02510,1,1,30,2,7,2,2,2,N,1,1,3,25000.0,4,189,53.84615384615385
217,64,2,2,2,2,2,N,7,0,1,16,6,1,5,1,19800.0,1,501,48-02101,1,2,22,2,2,2,2,2,N,1,0,4,4000.0,2,501,61.53846153846154
218,4,2,2,2,N,N,N,2,1,1,N,N,3,7,1,2430.0,N,501,48-02102,8,1,5,2,2,2,2,2,N,1,1,3,N,N,357,46.15384615384615
219,2,2,2,2,2,2,N,3,1,1,N,N,2,4,1,N,N,501,48-02101,9,1,13,2,2,2,2,2,N,1,1,6,N,N,501,76.92307692307693
220,56,2,2,2,2,2,N,7,1,1,16,1,0,2,1,0.0,6,501,48-02102,1,2,40,2,2,2,2,2,N,1,2,4,76300.0,8,484,53.84615384615385
221,34,2,7,2,2,2,N,8,0,1,6,1,2,4,1,0.0,3,261,48-02507,1,2,59,2,7,2,2,2,N,1,0,2,38500.0,6,501,53.84615384615385
222,50,2,2,2,2,2,N,5,0,1,10,4,0,3,2,0.0,1,97,48-02102,1,2,30,2,2,2,2,2,N,1,3,4,42000.0,6,162,53.84615384615385
223,10,2,7,2,2,2,N,7,1,1,4,1,3,5,1,117040.0,1,123,48-02510,8,2,59,2,7,2,2,2,N,1,0,2,28000.0,5,501,53.84615384615385
224,26,2,2,2,2,2,N,7,0,1,3,6,0,3,1,39930.0,0,501,48-02102,1,1,53,2,2,1,2,2,N,1,0,2,0.0,0,213,61.53846153846154
225,3,2,7,2,2,2,N,9,0,1,4,1,0,2,1,9200.0,7,501,48-02516,2,1,55,2,5,2,2,2,N,1,0,2,68000.0,8,501,69.23076923076923
226,8,2,7,2,2,2,N,9,0,1,14,6,1,3,2,152500.0,3,501,48-02507,1,1,36,2,7,2,2,2,N,1,0,N,65000.0,8,489,53.84615384615385
227,73,2,2,2,2,2,N,7,1,1,16,1,1,4,1,219700.0,4,N,48-02102,1,1,54,2,2,2,2,2,N,1,0,2,38000.0,6,468,53.84615384615385
228,13,2,2,2,2,2,N,5,1,1,16,1,0,2,1,370600.0,9,501,48-02101,1,1,66,2,2,2,2,2,N,1,0,2,40000.0,6,501,76.92307692307693
229,11,2,5,1,2,2,N,12,0,1,N,1,1,3,1,44100.0,1,264,48-02516,1,2,69,2,5,2,2,2,N,1,0,3,4300.0,2,21,53.84615384615385
230,72,2,7,2,2,2,N,9,0,1,6,6,0,N,1,27100.0,8,191,48-02507,1,1,26,2,7,2,2,2,N,1,0,3,2000.0,1,501,61.53846153846154
231,56,1,5,2,1,1,N,7,0,1,4,1,0,2,1,23900.0,5,362,48-02516,1,2,53,2,5,2,2,2,N,1,0,2,82000.0,8,501,46.15384615384615
232,7,2,6,2,2,2,N,6,1,1,7,1,0,2,1,20000.0,8,371,48-02515,1,2,57,2,6,2,2,2,N,1,1,3,43000.0,6,424,53.84615384615385
233,16,2,7,2,N,N,N,N,0,1,N,N,3,5,2,108800.0,N,304,48-02507,2,2,0,2,7,2,N,N,N,1,1,3,N,N,340,61.53846153846154
234,70,2,7,2,2,1,N,4,1,1,N,6,0,3,1,284300.0,6,501,48-02507,1,2,16,1,7,2,2,2,N,1,0,5,0.0,0,257,46.15384615384615
235,59,2,2,2,2,2,N,7,0,1,10,1,2,3,2,28030.0,0,474,48-02102,1,2,29,2,2,2,2,2,N,1,1,3,27000.0,5,470,61.53846153846154
236,66,2,2,2,2,2,N,5,0,1,10,6,1,3,1,N,1,501,48-02102,1,2,35,2,2,2,2,2,N,1,0,5,0.0,0,281,53.84615384615385
237,16,2,5,2,1,2,N,7,0,1,14,1,0,2,2,0.0,2,239,48-02516,1,2,29,2,5,2,2,2,N,1,0,2,20000.0,4,385,61.53846153846154
238,33,2,6,2,2,2,N,4,0,1,4,1,2,5,1,0.0,8,462,48-02515,1,1,65,1,6,2,1,2,N,1,0,2,32400.0,5,498,38.46153846153847
239,61,2,7,2,N,N,N,N,0,1,N,N,3,7,1,83000.0,N,378,48-02507,9,1,2,2,7,2,N,N,N,1,2,4,N,N,392,61.53846153846154
240,15,2,6,2,2,2,6,3,0,1,6,1,0,3,1,109000.0,9,501,48-02515,1,1,65,2,6,2,2,2,N,1,2,4,54000.0,7,257,46.15384615384615
241,42,2,5,2,2,2,N,7,0,1,10,4,N,N,1,95600.0,7,287,48-02507,1,1,41,2,7,2,2,2,N,1,0,N,75000.0,8,501,53.84615384615385
242,33,2,2,2,2,2,N,4,0,1,N,4,0,N,1,61800.0,8,496,48-02102,1,2,75,2,2,2,2,2,N,1,2,7,12000.0,3,309,53.84615384615385
243,23,2,7,2,2,N,N,1,0,1,N,6,0,3,1,9120.0,2,97,48-02510,1,1,47,2,7,1,1,1,N,1,0,2,16800.0,3,471,38.46153846153847
244,46,2,2,1,2,2,N,4,0,1,12,6,3,5,2,28030.0,0,309,48-02102,1,2,52,2,2,2,2,2,N,1,0,3,15700.0,3,77,46.15384615384615
245,42,2,5,2,2,2,N,6,0,1,N,4,2,3,1,56750.0,9,429,48-02516,1,1,63,2,5,2,2,2,N,1,0,2,52000.0,7,422,53.84615384615385
246,14,1,7,2,1,1,N,5,0,2,N,2,N,N,0,28030.0,2,169,48-02510,1,1,79,2,7,2,2,1,N,2,N,N,15220.0,3,N,53.84615384615385
247,11,2,6,2,2,2,N,10,0,1,10,1,1,3,1,0.0,9,501,48-02515,1,1,35,2,6,2,2,2,N,1,1,3,120000.0,9,501,84.61538461538461
248,22,2,2,2,2,2,N,7,0,1,14,1,0,2,2,59800.0,9,136,48-02102,1,1,35,2,2,2,2,2,N,1,0,2,45000.0,6,501,69.23076923076923
249,44,2,5,2,2,2,N,5,0,1,9,1,0,2,1,55000.0,6,501,48-02516,1,1,46,2,5,2,2,2,N,1,0,3,280010.0,9,501,69.23076923076923
250,36,2,2,2,2,2,N,7,0,1,N,1,2,4,1,83000.0,5,264,48-02101,2,2,68,2,2,2,2,2,N,1,0,2,151300.0,9,501,53.84615384615385
251,76,2,2,2,2,2,N,6,0,1,5,1,0,2,1,2800.0,1,501,48-02102,1,1,43,2,2,2,2,2,N,1,2,4,40000.0,6,155,53.84615384615385
252,7,2,5,2,1,2,N,10,0,1,15,1,0,3,1,7800.0,1,501,48-02516,1,2,53,2,5,2,2,2,N,1,0,3,50000.0,7,501,69.23076923076923
253,60,2,5,2,2,2,3,9,0,1,9,1,0,4,1,80040.0,7,1,48-02507,6,1,34,2,7,2,2,2,N,1,0,5,35000.0,5,214,46.15384615384615
254,41,2,6,2,2,2,N,8,0,1,9,1,3,6,1,228100.0,8,501,48-02510,1,1,29,2,7,2,2,2,N,1,0,5,58000.0,7,501,53.84615384615385
255,2,2,2,2,2,2,N,3,0,1,N,1,0,2,1,29210.0,3,501,48-02102,1,2,46,2,2,2,2,2,N,1,0,2,0.0,0,501,76.92307692307693
256,58,2,2,2,2,2,N,10,0,1,11,6,2,N,2,0.0,0,102,48-02102,1,1,36,2,2,2,2,2,N,1,0,N,48000.0,6,361,61.53846153846154
257,46,2,5,2,N,N,N,1,1,1,N,N,0,13,2,47290.0,N,501,48-02516,1,1,4,2,5,2,N,N,N,1,1,3,N,N,365,61.53846153846154
258,67,2,7,2,2,2,N,10,0,1,9,1,0,2,1,26700.0,6,32,48-02510,2,2,45,2,7,2,2,2,N,1,2,4,140000.0,9,501,53.84615384615385
259,10,2,2,2,2,2,N,3,0,1,N,N,0,4,2,32400.0,N,316,48-02102,9,1,11,2,2,2,2,2,N,1,2,4,N,N,147,69.23076923076923
260,10,2,7,2,2,2,N,7,1,1,5,1,0,3,2,80040.0,7,205,48-02507,1,1,62,2,7,2,2,2,N,1,2,5,57000.0,7,200,61.53846153846154
261,34,2,2,2,2,2,N,6,0,1,6,1,1,4,1,121960.0,0,501,48-02102,1,2,47,2,2,2,2,2,N,1,0,2,29700.0,5,175,53.84615384615385
262,27,2,2,2,2,2,N,6,0,1,N,4,0,N,1,0.0,6,501,48-02101,1,1,60,2,2,2,2,1,N,1,0,2,8400.0,2,358,53.84615384615385
263,32,2,7,2,N,N,N,N,0,1,N,N,3,5,2,0.0,N,239,48-02507,2,1,0,2,7,2,N,N,N,1,0,N,N,N,N,61.53846153846154
264,11,2,5,2,2,2,6,10,0,1,7,1,3,7,1,18700.0,8,501,48-02507,1,1,51,2,7,2,2,2,N,1,1,4,170000.0,9,501,46.15384615384615
265,4,2,2,2,2,2,N,2,0,1,N,N,2,4,1,117040.0,N,N,48-02102,2,2,6,2,2,2,2,2,N,1,2,4,N,N,467,76.92307692307693
266,12,2,5,2,2,2,N,3,0,1,N,N,0,4,1,79700.0,N,501,48-02516,9,2,13,2,5,2,2,2,N,1,2,4,N,N,292,69.23076923076923
267,45,1,6,2,2,2,6,10,0,1,N,1,0,2,1,40000.0,8,501,48-02515,1,1,66,2,6,1,2,2,N,1,0,3,309000.0,9,501,46.15384615384615
268,19,2,5,2,2,2,N,9,0,1,15,1,0,2,1,N,6,501,48-02516,1,1,32,2,5,2,2,2,N,1,0,2,58500.0,7,501,76.92307692307693
269,29,2,6,2,2,2,N,9,0,1,10,6,1,3,2,N,3,458,48-02515,1,2,26,2,6,2,2,2,N,1,0,N,34000.0,5,259,53.84615384615385
270,34,2,6,2,2,2,N,9,0,1,17,1,1,5,1,26100.0,8,239,48-02515,1,1,46,2,6,2,2,2,N,1,1,4,60000.0,7,448,61.53846153846154
271,49,2,7,2,2,2,N,12,0,1,N,1,0,2,1,49100.0,0,226,48-02507,1,2,76,1,7,2,2,1,N,1,0,2,15000.0,3,228,53.84615384615385
272,62,2,7,2,2,2,N,7,1,1,7,1,0,2,1,N,7,501,48-02510,1,1,59,2,7,2,2,2,N,1,0,3,150000.0,9,501,69.23076923076923
273,67,2,2,2,2,2,N,9,0,1,11,1,0,2,2,27100.0,8,501,48-02102,1,2,35,2,2,2,2,2,N,1,1,3,62500.0,7,492,53.84615384615385
274,51,2,7,2,2,2,N,7,1,1,5,6,2,4,1,0.0,1,19,48-02507,1,1,19,2,7,2,2,2,N,1,2,6,7000.0,2,501,61.53846153846154
275,52,2,7,2,2,2,N,9,0,1,11,4,0,N,2,9200.0,7,206,48-02510,1,2,59,2,7,2,2,2,N,1,0,N,62000.0,7,471,76.92307692307693
276,43,2,5,2,2,2,N,5,0,1,6,4,0,2,1,N,7,1,48-02516,1,1,57,2,5,2,2,2,N,1,0,2,30000.0,5,226,69.23076923076923
277,43,2,7,2,2,2,N,7,0,1,11,6,0,2,1,219000.0,0,501,48-02507,1,2,23,2,7,2,2,2,N,1,0,3,2000.0,1,457,61.53846153846154
278,10,2,2,2,2,2,N,7,0,1,9,6,0,N,1,80040.0,1,91,48-02102,1,2,38,2,2,2,2,2,N,1,0,N,483000.0,9,501,69.23076923076923
279,33,2,2,2,2,2,N,7,1,1,8,1,0,2,1,7800.0,6,443,48-02101,1,1,50,2,2,2,2,2,N,1,1,3,47000.0,6,280,61.53846153846154
280,67,2,7,2,1,1,N,12,0,1,12,1,2,4,1,2430.0,7,114,48-02507,1,1,40,2,7,2,2,2,N,1,0,2,51000.0,7,501,46.15384615384615
281,62,2,5,2,2,2,N,8,0,1,5,6,0,4,1,370600.0,6,287,48-02516,1,1,48,2,5,2,2,2,N,1,0,N,20000.0,4,152,61.53846153846154
282,75,2,5,2,2,2,N,5,0,1,12,1,0,3,1,105000.0,9,501,48-02516,1,1,36,2,5,2,2,2,N,1,4,6,60000.0,7,380,53.84615384615385
283,28,2,5,2,2,2,N,3,1,1,N,N,0,4,2,105000.0,N,191,48-02516,1,1,14,2,5,2,2,2,N,1,2,4,N,N,206,69.23076923076923
284,12,2,6,2,2,2,N,8,0,1,5,1,0,2,1,31960.0,8,501,48-02515,1,1,41,2,6,2,2,2,N,1,2,4,30000.0,5,346,53.84615384615385
285,35,2,6,2,2,2,N,5,1,1,7,1,0,2,1,N,8,261,48-02515,1,1,54,2,6,2,2,2,N,1,4,6,30000.0,5,89,53.84615384615385
286,40,2,2,2,2,2,N,5,1,1,4,4,0,N,1,32400.0,9,1,48-02101,1,1,28,2,2,2,2,2,N,1,0,3,50000.0,7,458,61.53846153846154
287,84,2,2,2,2,2,N,6,0,1,8,1,0,2,1,117040.0,5,501,48-02102,1,2,61,2,2,2,2,2,N,1,0,2,29000.0,5,501,84.61538461538461
288,5,2,2,2,2,2,N,4,0,1,4,1,0,3,1,0.0,4,501,48-02102,1,1,61,2,2,2,2,2,N,1,0,3,45000.0,6,501,76.92307692307693
289,60,2,6,2,2,2,N,8,0,1,6,1,0,3,1,N,6,65,48-02515,1,2,31,2,6,2,2,2,N,1,2,4,25000.0,4,358,53.84615384615385
290,24,2,2,2,2,2,N,2,0,1,N,N,3,5,1,10520.0,N,102,48-02102,9,1,6,2,2,2,2,2,N,1,2,7,N,N,251,61.53846153846154
291,88,1,7,2,1,2,N,6,0,1,7,1,0,2,1,40000.0,0,N,48-02510,1,1,60,2,7,2,2,2,N,1,0,2,75000.0,8,472,53.84615384615385
292,2,2,6,2,2,2,N,9,0,1,16,1,7,4,1,219000.0,0,501,48-02515,1,2,63,2,6,2,2,2,N,1,0,2,90000.0,8,501,61.53846153846154
293,61,2,7,2,2,2,N,7,0,1,N,1,0,2,2,17300.0,4,32,48-02507,2,2,27,2,7,2,2,2,N,1,1,3,0.0,0,340,53.84615384615385
294,46,2,2,2,2,2,N,10,0,1,5,1,1,2,1,N,6,65,48-02101,1,2,58,2,2,2,2,2,N,1,0,2,73890.0,8,501,61.53846153846154
295,32,2,6,2,2,2,N,10,0,1,16,1,4,6,1,5450.0,8,324,48-02515,1,1,65,2,6,2,2,2,N,1,0,2,50120.0,7,325,53.84615384615385
296,49,1,2,2,1,1,N,9,0,1,7,1,3,8,2,152500.0,9,32,48-02102,1,1,35,2,2,2,2,2,2,1,6,8,50000.0,7,184,30.76923076923077
297,76,2,2,2,2,2,N,5,0,1,8,1,0,2,1,49100.0,8,310,48-02101,1,2,54,2,2,2,2,2,N,1,0,2,65000.0,8,501,76.92307692307693
298,5,2,2,2,2,2,N,8,0,1,N,6,2,4,1,0.0,0,496,48-02102,1,1,71,1,2,2,1,1,N,1,0,N,14800.0,3,121,30.76923076923077
299,32,2,6,2,2,2,N,9,0,1,14,1,0,2,2,23700.0,9,501,48-02515,1,1,26,2,6,2,2,2,N,1,0,2,60000.0,7,501,76.92307692307693
300,73,2,7,2,2,2,N,7,0,1,16,1,0,2,1,0.0,3,501,48-02510,1,2,55,2,7,2,2,2,N,1,0,2,90000.0,8,501,76.92307692307693
301,26,2,2,2,2,2,N,6,0,1,14,1,0,2,1,0.0,9,501,48-02102,1,1,55,2,2,2,2,2,N,1,1,3,60000.0,7,377,53.84615384615385
302,53,2,5,2,2,2,N,5,0,1,N,1,1,3,1,80040.0,8,226,48-02516,6,2,45,2,5,2,2,2,N,1,0,2,0.0,0,0,53.84615384615385
303,6,2,5,2,2,2,N,7,0,1,16,1,0,4,1,86300.0,4,10,48-02516,1,2,68,2,5,2,2,2,N,1,0,2,27860.0,5,501,61.53846153846154
304,41,2,2,2,2,2,N,5,0,1,5,4,0,N,1,219000.0,7,501,48-02101,1,1,61,2,2,2,2,2,N,1,0,N,33300.0,5,253,69.23076923076923
305,13,2,2,2,2,2,N,5,0,1,12,4,0,2,2,105000.0,1,501,48-02102,1,2,47,2,2,2,2,2,N,1,0,N,32000.0,5,244,61.53846153846154
306,10,2,6,2,2,2,N,3,1,1,N,N,3,5,1,N,N,239,48-02515,2,1,13,2,6,2,2,2,N,1,3,4,N,N,194,76.92307692307693
307,47,2,2,2,2,2,N,7,0,1,7,6,1,4,1,138000.0,3,501,48-02101,1,2,51,2,2,2,2,2,N,1,0,2,34000.0,5,258,53.84615384615385
308,23,2,2,2,2,2,N,10,0,1,9,1,3,5,1,105000.0,6,501,48-02101,1,2,42,2,2,2,2,2,N,1,0,2,52000.0,7,501,61.53846153846154
309,40,2,7,2,2,2,N,7,0,1,7,1,3,6,1,N,3,501,48-02510,2,2,56,2,7,2,2,2,N,1,0,2,108000.0,9,501,61.53846153846154
310,72,2,6,2,2,2,N,9,0,1,10,4,3,6,2,9120.0,0,443,48-02515,1,2,33,2,6,2,2,2,N,1,0,N,105000.0,9,501,53.84615384615385
311,67,2,7,2,2,2,N,9,0,1,12,1,0,4,1,0.0,7,465,48-02507,1,1,73,2,7,2,2,2,N,1,0,3,96700.0,8,501,61.53846153846154
312,82,2,6,2,2,2,N,5,0,1,6,4,0,N,2,108800.0,9,97,48-02515,1,1,65,2,6,2,1,2,N,1,0,N,62700.0,7,501,61.53846153846154
313,11,2,6,2,2,2,N,5,0,1,6,1,0,4,2,13200.0,8,434,48-02515,1,1,51,2,6,2,2,2,N,1,0,2,22000.0,4,258,61.53846153846154
314,49,2,6,2,2,2,N,7,1,1,4,1,2,4,1,108800.0,3,261,48-02515,1,2,52,2,6,2,2,2,N,1,2,8,206600.0,9,501,61.53846153846154
315,33,2,7,2,2,2,N,7,0,1,13,1,2,7,1,N,9,13,48-02510,1,2,63,2,7,2,2,2,N,1,0,2,50000.0,7,501,53.84615384615385
316,48,2,2,2,N,N,N,2,0,1,N,N,0,4,1,300.0,1,428,48-02510,9,1,6,2,7,2,2,2,N,1,2,6,N,N,501,30.76923076923077
317,60,2,6,2,2,N,N,9,0,1,6,6,2,3,1,140.0,8,348,48-02515,1,1,43,2,6,2,2,2,N,1,0,3,5900.0,2,237,53.84615384615385
318,14,2,7,2,2,2,N,9,0,1,10,1,2,4,1,39930.0,9,501,48-02507,6,1,45,2,7,2,2,2,N,1,1,3,80000.0,8,451,53.84615384615385
319,69,2,7,2,2,2,N,7,1,1,5,1,0,2,1,152500.0,8,13,48-02510,1,1,28,2,7,2,2,2,N,1,0,3,50000.0,7,501,61.53846153846154
320,12,2,2,2,2,2,N,7,0,1,10,4,0,N,2,10520.0,3,501,48-02102,1,2,42,2,2,2,2,2,N,1,1,2,2000.0,1,11,53.84615384615385
321,88,2,2,2,2,2,3,9,0,1,6,6,0,4,1,47600.0,5,501,48-02102,1,1,41,2,2,2,2,1,N,1,0,3,16500.0,3,501,53.84615384615385
322,34,2,7,2,1,1,N,5,0,3,14,4,N,N,0,105000.0,7,305,48-02510,1,2,62,2,7,2,1,1,N,2,N,N,720.0,1,N,61.53846153846154
323,21,2,2,2,2,2,N,4,1,1,6,6,2,4,1,0.0,1,501,48-02101,1,2,18,2,2,2,2,2,N,1,0,4,2000.0,1,501,76.92307692307693
324,11,2,7,2,2,2,N,7,0,1,16,1,2,3,1,N,0,324,48-02507,1,1,50,2,7,2,2,2,N,1,1,5,47000.0,6,256,53.84615384615385
325,33,2,7,2,2,2,N,7,1,1,6,6,2,4,1,40000.0,3,443,48-02510,1,2,23,2,7,2,2,2,N,1,0,2,1500.0,1,501,53.84615384615385
326,42,2,7,2,2,2,N,7,1,1,6,6,3,3,2,105000.0,6,501,48-02507,1,1,28,2,7,2,2,2,N,1,0,N,32000.0,5,242,53.84615384615385
327,33,1,7,2,1,1,N,4,1,1,N,1,1,3,1,0.0,8,305,48-02507,1,2,48,2,7,2,2,2,N,1,0,5,0.0,0,257,38.46153846153847
328,20,2,2,2,2,2,N,9,0,1,13,1,0,2,1,40000.0,0,248,48-02102,1,2,63,2,2,2,2,2,N,1,0,2,45000.0,6,501,69.23076923076923
329,33,2,5,2,2,2,N,8,0,1,7,1,1,3,1,108800.0,8,501,48-02516,1,2,62,2,5,2,2,2,N,1,0,2,30000.0,5,370,53.84615384615385
330,54,2,6,2,2,2,N,10,0,1,6,1,0,2,1,108800.0,0,N,48-02515,1,2,53,2,6,2,2,2,N,1,1,4,720.0,1,501,53.84615384615385
331,56,1,2,2,2,2,N,9,0,1,12,4,0,N,1,117040.0,9,501,48-02101,1,2,59,2,2,2,2,2,N,1,0,N,87000.0,8,501,69.23076923076923
332,29,2,6,2,2,2,N,7,0,1,10,6,0,N,2,219700.0,3,501,48-02515,1,1,27,2,6,2,2,2,N,1,0,N,26740.0,5,202,69.23076923076923
333,36,2,5,2,2,2,N,9,0,1,4,6,5,7,2,61800.0,0,290,48-02516,1,1,24,2,5,2,2,2,N,1,2,3,63000.0,7,307,53.84615384615385
334,10,2,2,2,2,2,N,5,0,1,N,1,0,7,1,54500.0,8,336,48-02101,2,1,57,2,2,2,1,2,N,1,0,4,8800.0,2,69,53.84615384615385
335,49,1,5,2,2,2,N,8,0,1,10,3,0,N,1,980.0,7,496,48-02516,1,2,53,2,5,2,2,2,N,1,0,4,16900.0,3,238,53.84615384615385
336,12,2,2,2,N,N,N,N,1,1,N,N,0,5,1,32400.0,N,287,48-02102,8,1,0,2,2,2,N,N,N,1,1,3,N,N,501,61.53846153846154
337,35,2,7,2,2,2,N,4,0,1,15,6,0,N,1,40000.0,0,N,48-02507,1,2,17,2,7,2,2,2,N,1,0,2,30.0,1,295,61.53846153846154
338,69,2,7,2,2,2,N,4,0,1,4,6,0,3,1,206600.0,1,371,48-02507,1,2,16,2,7,2,2,2,N,1,1,3,1200.0,1,501,69.23076923076923
339,10,2,6,2,2,2,N,4,0,1,10,6,0,N,1,31960.0,0,1,48-02515,1,1,48,2,6,2,2,2,N,1,0,2,0.0,0,181,69.23076923076923
340,67,2,2,2,2,2,N,5,1,1,4,6,0,2,2,980.0,6,258,48-02102,1,1,25,2,2,2,2,2,N,1,0,N,17000.0,3,129,61.53846153846154
341,44,2,2,2,2,2,N,6,0,1,N,4,0,N,1,18700.0,9,205,48-02102,1,1,58,2,2,2,2,2,N,1,0,N,9600.0,2,72,69.23076923076923
342,13,2,5,2,2,2,N,7,0,1,8,1,4,6,1,20000.0,4,434,48-02516,1,1,53,2,5,2,1,2,N,1,0,2,133000.0,9,501,46.15384615384615
343,75,2,7,2,2,2,N,4,0,1,6,1,2,4,1,105000.0,9,32,48-02507,1,1,69,2,7,2,2,2,N,1,0,2,70000.0,8,501,53.84615384615385
344,64,2,2,2,2,2,N,3,0,1,N,N,3,5,2,219700.0,N,290,48-02101,2,1,13,2,2,2,2,2,N,1,2,4,N,N,122,61.53846153846154
345,10,2,7,2,2,2,N,6,0,1,11,1,0,3,1,83000.0,9,226,48-02507,1,1,42,2,7,2,2,2,N,1,1,5,0.0,0,176,53.84615384615385
346,26,2,2,2,2,2,N,7,1,1,4,1,2,5,1,N,9,13,48-02102,1,1,41,2,2,2,2,2,N,1,2,4,69000.0,8,315,61.53846153846154
347,48,2,2,2,2,2,N,5,1,1,11,1,2,4,1,N,3,501,48-02101,1,2,54,2,2,2,2,2,N,1,1,3,18000.0,4,501,61.53846153846154
348,77,2,7,2,2,2,N,9,0,1,10,4,0,N,1,25900.0,0,304,48-02510,1,2,54,2,7,2,2,2,N,1,0,2,49000.0,7,495,61.53846153846154
349,37,2,5,2,2,2,N,5,0,1,6,6,0,6,1,28030.0,2,434,48-02516,1,2,21,2,5,2,2,2,N,1,0,3,8000.0,2,324,69.23076923076923
350,92,2,7,2,2,2,3,4,1,1,N,6,0,4,2,23700.0,3,191,48-02510,1,2,15,2,7,2,2,2,N,1,2,4,0.0,0,493,53.84615384615385
351,37,2,7,2,2,2,N,9,0,1,7,4,1,2,2,N,1,226,48-02507,1,2,43,2,7,2,2,2,N,1,1,3,75000.0,8,392,61.53846153846154
352,33,2,5,2,2,2,N,6,1,1,12,1,0,2,1,96000.0,6,501,48-02516,1,2,45,2,5,2,2,2,N,1,0,2,44200.0,6,501,84.61538461538461
353,2,2,2,2,2,2,N,5,1,1,N,1,0,4,1,13000.0,7,501,48-02102,9,2,44,2,2,2,2,2,N,1,2,4,3700.0,2,63,61.53846153846154
354,45,2,6,2,2,2,N,4,0,1,N,4,0,N,1,185000.0,3,362,48-02515,1,2,79,2,6,2,2,2,N,1,0,N,17300.0,4,141,69.23076923076923
355,35,2,2,2,2,2,N,9,0,1,4,1,0,2,2,7800.0,3,65,48-02101,1,1,43,2,2,2,2,2,N,1,3,5,483000.0,9,501,53.84615384615385
356,61,2,7,1,2,2,N,9,0,1,6,6,3,6,1,206600.0,1,429,48-02507,2,2,24,2,7,2,2,2,N,1,0,5,15000.0,3,501,46.15384615384615
357,75,2,2,2,2,2,N,5,0,1,N,4,0,N,2,N,9,83,48-02102,1,1,63,2,2,2,2,2,N,1,1,5,15000.0,3,292,53.84615384615385
358,10,2,2,2,2,2,N,7,1,1,12,1,1,2,1,23100.0,7,102,48-02102,1,2,49,2,2,2,2,1,N,1,0,4,28000.0,5,384,46.15384615384615
359,55,2,2,2,2,2,N,7,0,1,13,6,1,5,1,26100.0,3,501,48-02102,1,2,22,2,2,2,2,2,N,1,0,5,25000.0,4,501,69.23076923076923
360,28,2,2,2,2,2,N,5,0,1,4,6,1,3,2,108800.0,0,316,48-02101,1,2,30,2,2,2,2,2,N,1,2,3,0.0,0,0,69.23076923076923
361,28,2,5,2,2,2,N,7,0,1,N,6,0,4,1,N,0,501,48-02516,2,1,19,2,5,2,2,2,N,1,2,4,0.0,0,414,69.23076923076923
362,57,2,2,2,2,2,N,10,0,1,11,1,2,3,2,185700.0,8,N,48-02101,1,2,48,2,2,2,2,2,N,1,0,2,48000.0,6,501,53.84615384615385
363,66,2,5,2,2,2,N,7,0,1,15,6,0,3,2,105000.0,8,501,48-02516,1,1,25,2,5,2,2,2,N,1,0,4,12500.0,3,501,69.23076923076923
364,12,2,7,2,2,2,N,10,0,1,3,1,0,2,1,219700.0,7,102,48-02510,1,2,27,2,7,2,2,2,N,1,1,3,77000.0,8,501,53.84615384615385
365,39,2,7,2,2,2,N,5,0,1,4,1,3,5,1,28030.0,5,501,48-02510,1,2,66,2,7,2,2,2,N,1,0,2,58000.0,7,501,61.53846153846154
366,20,2,7,2,2,2,N,7,1,1,10,6,0,N,1,N,5,348,48-02507,1,1,21,1,7,2,2,2,N,1,1,5,12000.0,3,279,46.15384615384615
367,10,2,6,2,2,1,N,4,0,1,12,6,4,6,1,121960.0,0,1,48-02515,1,1,16,2,6,2,2,2,N,1,3,5,2500.0,1,404,46.15384615384615
368,37,2,6,2,2,2,N,5,0,1,14,4,0,N,1,31960.0,9,501,48-02515,1,1,64,2,6,2,2,2,N,1,0,N,52000.0,7,395,69.23076923076923
369,9,2,2,2,N,N,N,2,1,1,N,N,2,4,2,0.0,N,258,48-02102,1,2,5,2,2,2,2,2,N,1,3,6,N,N,358,46.15384615384615
370,59,2,7,2,2,1,N,5,0,1,11,4,0,N,1,47600.0,8,355,48-02510,1,2,58,2,7,2,2,2,N,1,0,2,46500.0,6,501,53.84615384615385
371,64,2,5,2,2,2,N,9,0,1,5,1,0,2,1,N,4,378,48-02516,1,1,47,2,5,2,2,2,N,1,1,3,170000.0,9,501,53.84615384615385
372,14,2,7,2,2,2,N,8,0,1,15,1,0,3,1,10520.0,5,19,48-02507,1,2,39,2,7,2,2,2,N,1,4,7,44700.0,6,474,53.84615384615385
373,15,2,7,2,2,2,N,6,0,1,N,4,0,N,2,40000.0,6,303,48-02507,1,1,56,2,7,2,2,2,N,1,0,N,0.0,0,0,69.23076923076923
374,29,2,2,2,2,2,N,9,0,1,10,6,0,3,1,N,5,111,48-02102,1,1,22,2,2,2,2,2,N,1,0,3,14000.0,3,501,69.23076923076923
375,8,2,5,2,1,1,N,9,1,1,1,1,2,4,1,53500.0,9,305,48-02516,1,1,29,2,5,2,2,2,N,1,1,3,143000.0,9,501,46.15384615384615
376,48,2,2,2,2,2,N,6,0,1,16,1,0,6,1,40000.0,8,304,48-02101,1,2,31,2,2,2,2,2,N,1,0,2,45000.0,6,265,61.53846153846154
377,34,2,5,2,2,2,N,8,0,1,3,1,0,2,1,0.0,5,65,48-02516,1,1,67,2,5,2,2,2,N,1,0,2,59240.0,7,501,69.23076923076923
378,86,2,7,2,2,2,N,9,0,1,13,1,0,2,1,228100.0,6,102,48-02507,1,2,26,2,7,2,2,2,N,1,0,2,8000.0,2,237,69.23076923076923
379,26,2,6,2,2,2,N,10,0,1,7,1,2,7,1,284300.0,6,462,48-02515,1,2,26,2,6,2,2,2,N,1,0,2,75000.0,8,501,61.53846153846154
380,19,2,2,2,N,N,N,N,1,1,N,N,2,3,1,N,N,378,48-02101,8,2,0,2,2,2,N,N,N,1,4,6,N,N,178,69.23076923076923
381,4,2,7,2,2,2,N,7,0,1,9,4,0,N,1,N,6,305,48-02510,1,1,41,2,7,2,2,2,N,1,0,5,92000.0,8,501,61.53846153846154
382,25,2,6,2,N,N,N,N,0,1,N,N,0,3,1,79700.0,N,258,48-02515,6,2,1,2,6,2,N,N,N,1,1,3,N,N,501,69.23076923076923
383,69,1,5,2,2,2,N,9,0,1,12,6,0,2,2,N,0,65,48-02516,1,2,23,2,5,2,2,2,N,1,0,N,8000.0,2,60,53.84615384615385
384,75,2,5,2,2,2,N,7,0,1,10,6,0,N,1,N,0,501,48-02516,1,2,34,2,5,2,2,2,N,1,0,3,34000.0,5,501,69.23076923076923
385,28,2,6,2,2,2,N,7,1,1,N,1,3,5,2,20000.0,3,324,48-02515,1,2,20,2,6,2,2,2,N,1,1,3,0.0,0,102,53.84615384615385
386,75,2,2,2,1,2,N,7,0,1,16,1,0,2,2,274000.0,7,462,48-02101,1,2,34,2,2,2,2,2,N,1,1,3,45000.0,6,501,46.15384615384615
387,32,1,6,2,2,2,N,5,0,1,N,4,0,N,2,105000.0,4,13,48-02515,1,2,64,2,6,2,1,2,N,1,0,N,1700.0,1,12,53.84615384615385
388,69,2,6,2,2,2,N,9,0,1,4,6,1,3,1,26700.0,8,501,48-02515,1,1,47,2,6,2,2,2,N,1,0,N,47500.0,6,363,53.84615384615385
389,26,2,2,2,2,2,N,5,1,1,9,1,0,2,1,N,3,501,48-02102,1,2,29,2,2,2,2,2,N,1,0,4,18000.0,4,328,61.53846153846154
390,47,2,7,2,2,2,N,8,0,1,9,1,0,2,1,40000.0,5,501,48-02507,1,1,68,2,7,2,2,2,N,1,0,2,29800.0,5,501,84.61538461538461
391,49,2,2,2,2,2,N,10,0,1,15,1,0,3,1,39930.0,1,496,48-02102,1,1,69,2,2,2,2,2,N,1,0,4,32000.0,5,274,61.53846153846154
392,64,2,6,2,2,2,N,7,0,1,4,6,0,4,2,284300.0,0,501,48-02515,1,2,27,2,6,2,2,2,N,1,0,N,20000.0,4,151,61.53846153846154
393,11,2,6,2,1,1,N,8,0,1,7,1,3,3,2,83000.0,9,462,48-02515,1,1,53,2,6,2,2,2,N,1,0,2,48000.0,6,485,38.46153846153847
394,57,2,7,2,2,2,N,5,0,1,N,6,0,N,2,26700.0,3,501,48-02507,1,1,52,2,7,2,2,2,N,1,0,N,11400.0,3,86,76.92307692307693
395,73,2,7,2,2,2,N,9,0,1,1,1,0,2,1,0.0,8,1,48-02507,1,1,60,2,7,2,2,2,N,1,0,2,220000.0,9,501,69.23076923076923
396,14,2,7,2,2,2,N,9,0,1,10,4,0,N,1,N,9,501,48-02507,1,2,50,2,7,2,2,2,N,1,1,5,115000.0,9,389,61.53846153846154
397,54,2,2,2,2,2,N,5,0,1,14,6,0,N,1,N,3,N,48-02101,2,2,18,2,2,2,2,2,N,1,0,2,5000.0,2,501,61.53846153846154
398,63,2,2,2,2,2,N,9,0,1,5,6,1,3,1,19800.0,1,191,48-02102,1,1,60,2,2,2,2,2,N,1,0,3,0.0,0,287,61.53846153846154
399,26,2,2,2,2,2,N,4,0,1,7,6,2,4,2,49100.0,0,239,48-02102,1,1,46,2,2,2,2,2,N,1,1,3,59000.0,7,446,53.84615384615385
400,52,2,7,2,2,2,N,5,0,1,16,6,1,5,1,105000.0,7,258,48-02507,1,1,18,2,7,2,2,1,N,1,1,3,8000.0,2,501,53.84615384615385
401,18,2,5,2,2,2,N,7,0,1,11,3,0,N,1,300.0,4,304,48-02516,1,2,74,2,5,2,2,2,N,1,0,N,16800.0,3,137,69.23076923076923
402,43,2,2,2,2,2,N,4,1,1,7,6,0,2,1,219000.0,8,97,48-02101,1,1,19,2,2,2,2,2,N,1,1,4,27000.0,5,343,53.84615384615385
403,21,2,5,2,2,2,N,5,0,1,5,1,0,3,1,59800.0,3,1,48-02516,1,1,61,2,5,2,2,2,N,1,0,2,26000.0,5,231,61.53846153846154
404,39,2,5,2,2,2,N,9,0,1,12,1,0,2,1,109000.0,9,205,48-02507,9,1,22,2,7,2,2,2,N,1,0,2,40000.0,6,244,61.53846153846154
405,25,2,2,2,2,2,N,7,1,1,N,4,3,6,1,36600.0,3,501,48-02102,1,2,64,2,2,2,1,2,N,1,0,N,13500.0,3,102,53.84615384615385
406,47,2,6,2,2,2,N,5,0,1,N,3,0,2,2,N,4,462,48-02515,1,2,80,2,6,2,2,2,N,1,0,N,80000.0,8,501,61.53846153846154
407,14,2,5,2,2,2,N,9,0,1,9,4,2,5,1,19800.0,7,169,48-02516,1,1,41,2,5,2,2,2,N,1,2,3,126000.0,9,501,61.53846153846154
408,68,2,2,2,2,2,N,5,0,1,9,6,2,3,1,0.0,6,169,48-02101,1,2,23,2,2,2,2,2,N,1,3,6,9000.0,2,65,53.84615384615385
409,59,2,7,2,2,2,N,7,0,1,8,1,1,3,1,23700.0,6,501,48-02510,1,1,36,2,7,2,2,2,N,1,1,3,45000.0,6,417,76.92307692307693
410,17,2,5,2,2,2,N,6,0,1,15,1,1,3,1,95600.0,8,303,48-02516,1,2,65,2,5,2,2,2,N,1,0,2,15600.0,3,279,53.84615384615385
411,51,2,2,2,2,2,N,5,0,1,6,4,0,3,2,27100.0,7,102,48-02102,1,1,47,2,2,2,2,2,N,1,3,5,40000.0,6,305,53.84615384615385
412,22,2,5,2,2,2,N,8,0,1,16,1,3,6,1,4400.0,6,324,48-02516,1,1,60,2,5,2,2,2,N,1,0,2,50000.0,7,501,53.84615384615385
413,17,2,7,2,1,2,N,5,1,1,N,2,0,N,2,96700.0,2,499,48-02507,1,1,68,2,7,2,2,2,N,1,0,N,24000.0,4,198,61.53846153846154
414,64,2,2,2,2,2,N,8,0,1,6,6,0,N,2,61800.0,1,324,48-02102,1,2,24,2,2,2,2,2,N,1,0,N,25200.0,5,191,69.23076923076923
415,56,2,6,2,2,2,N,7,0,1,4,1,2,5,1,N,8,501,48-02515,1,2,58,2,6,2,2,2,N,1,0,2,7100.0,2,501,61.53846153846154
416,39,2,2,2,2,2,N,7,1,1,6,6,0,N,1,0.0,3,13,48-02102,1,1,26,2,2,2,2,2,N,1,0,4,30000.0,5,241,61.53846153846154
417,7,2,5,2,1,2,N,9,1,1,11,1,0,2,1,44100.0,5,221,48-02516,1,2,28,2,5,2,2,2,N,1,1,3,0.0,0,501,46.15384615384615
418,7,2,2,2,2,2,N,7,1,1,15,1,2,3,1,2800.0,4,496,48-02101,1,1,55,2,2,1,1,2,N,1,0,3,30000.0,5,421,46.15384615384615
419,23,2,2,2,2,2,N,8,0,1,13,1,0,3,1,10520.0,0,443,48-02101,1,2,27,2,2,2,2,2,N,1,3,5,15000.0,3,206,53.84615384615385
420,72,2,2,2,2,2,N,3,0,1,N,2,0,6,1,0.0,2,102,48-02101,1,1,87,1,2,2,1,2,N,1,0,2,48300.0,7,397,46.15384615384615
421,59,2,5,2,2,2,N,10,0,1,5,1,0,2,1,13200.0,8,501,48-02507,1,1,32,2,7,2,2,2,N,1,0,2,70000.0,8,501,76.92307692307693
422,62,2,6,2,2,2,N,5,0,1,9,1,2,5,1,219700.0,8,304,48-02515,1,1,68,2,6,2,2,2,N,1,0,2,278000.0,9,501,53.84615384615385
423,1,2,7,2,2,2,N,6,0,1,11,1,0,3,1,0.0,6,316,48-02510,1,2,78,2,7,2,2,2,N,1,0,2,16800.0,3,501,61.53846153846154
424,64,1,2,2,2,2,N,7,1,1,16,1,1,3,1,40000.0,9,169,48-02101,1,1,60,2,2,2,2,2,N,1,0,3,62000.0,7,454,53.84615384615385
425,34,2,2,2,2,2,N,10,0,1,15,1,0,2,1,N,5,501,48-02102,1,2,60,2,2,2,2,2,N,1,0,2,4000.0,2,473,69.23076923076923
426,12,2,2,2,2,2,N,7,0,1,17,1,2,4,1,80040.0,7,1,48-02102,1,1,47,2,2,2,2,2,N,1,1,3,51000.0,7,501,61.53846153846154
427,41,2,2,2,2,2,N,5,1,1,12,1,0,2,1,0.0,2,97,48-02101,1,2,59,2,2,2,2,2,N,1,0,2,37700.0,6,451,69.23076923076923
428,6,2,6,2,N,N,N,N,0,1,N,N,3,5,2,10520.0,N,136,48-02515,2,2,1,2,6,2,N,N,N,1,1,2,N,N,115,61.53846153846154
429,33,2,2,2,2,2,N,7,0,1,11,6,0,2,1,99000.0,2,501,48-02101,1,2,20,2,2,2,2,2,N,1,2,6,3000.0,1,474,53.84615384615385
430,18,2,2,2,2,2,N,3,0,1,N,4,0,N,2,0.0,2,239,48-02101,1,2,66,2,2,2,1,2,N,1,0,N,13000.0,3,107,61.53846153846154
431,67,2,2,2,2,2,N,5,0,1,3,6,0,5,1,274000.0,0,1,48-02102,1,1,33,2,2,2,2,2,N,1,0,3,20000.0,4,253,61.53846153846154
432,40,2,2,2,2,2,N,5,0,1,6,1,0,2,2,28030.0,4,32,48-02102,1,1,37,2,2,2,2,2,2,1,4,6,101200.0,9,390,46.15384615384615
433,58,2,7,2,2,2,N,9,0,1,16,6,2,5,1,219000.0,1,501,48-02510,1,2,33,2,7,2,2,2,N,1,1,2,71200.0,8,411,53.84615384615385
434,57,2,6,2,2,2,N,9,0,1,10,4,0,2,1,219700.0,2,501,48-02515,1,2,47,2,6,2,2,2,N,1,1,2,185200.0,9,501,69.23076923076923
435,32,2,7,2,2,2,N,5,0,1,9,1,0,2,1,32500.0,2,13,48-02507,1,1,62,2,7,2,2,2,N,1,0,2,27600.0,5,457,69.23076923076923
436,69,2,5,2,2,2,N,2,1,1,N,N,0,3,1,0.0,N,501,48-02516,9,2,6,2,5,2,2,2,N,1,0,2,N,N,N,69.23076923076923
437,26,2,7,2,2,2,N,9,0,1,6,4,0,2,1,219000.0,0,303,48-02510,1,2,57,2,7,2,2,2,N,1,0,2,597000.0,9,501,69.23076923076923
438,38,2,2,2,1,2,N,9,0,1,10,1,0,2,1,109000.0,3,501,48-02102,2,1,39,2,2,2,2,2,N,1,2,4,102000.0,9,501,53.84615384615385
439,34,1,2,2,1,1,N,7,0,1,14,1,3,5,2,105000.0,9,501,48-02101,1,1,30,2,2,2,2,2,N,1,0,2,25000.0,4,293,30.76923076923077
440,23,2,2,2,2,2,N,5,0,1,11,6,2,4,1,248000.0,0,169,48-02102,1,1,41,2,2,2,2,2,N,1,0,4,25000.0,4,293,61.53846153846154
441,21,2,2,2,2,2,N,10,1,1,16,1,0,2,1,83000.0,9,501,48-02101,1,1,41,2,2,2,2,2,5,1,2,4,119000.0,9,501,61.53846153846154
442,11,2,7,2,2,2,N,5,0,1,15,1,0,2,1,N,6,501,48-02510,2,1,44,2,7,2,2,2,N,1,0,4,8400.0,2,342,61.53846153846154
443,60,2,2,2,2,2,N,5,0,1,6,4,0,N,2,47290.0,0,205,48-02101,1,2,69,2,2,2,2,2,N,1,0,N,28400.0,5,235,69.23076923076923
444,19,2,6,2,2,2,N,7,0,1,N,3,0,N,2,2800.0,7,111,48-02515,1,2,69,2,6,2,1,2,N,1,0,N,24000.0,4,199,61.53846153846154
445,35,2,5,2,2,2,N,5,0,1,8,6,0,N,1,47290.0,0,501,48-02516,1,2,25,2,5,2,2,2,N,1,0,N,74000.0,8,501,76.92307692307693
446,58,2,7,2,2,2,N,5,0,1,6,1,0,2,1,N,4,114,48-02507,2,1,51,2,7,2,2,2,N,1,0,5,40000.0,6,375,61.53846153846154
447,58,2,2,2,2,2,N,9,0,1,12,1,3,5,1,86300.0,8,501,48-02102,1,1,41,2,2,2,2,2,N,1,5,7,80000.0,8,210,61.53846153846154
448,51,2,6,2,2,2,N,7,0,1,9,1,2,4,2,23700.0,0,169,48-02515,1,2,28,2,6,2,2,2,N,1,0,2,20000.0,4,118,53.84615384615385
449,35,2,2,2,2,2,6,7,0,1,6,6,0,4,2,N,1,83,48-02101,1,2,32,2,2,2,2,2,N,1,1,2,29000.0,5,166,46.15384615384615
450,18,2,5,2,2,2,N,7,1,1,6,1,0,2,1,0.0,8,501,48-02516,1,1,36,2,5,2,2,2,N,1,11,13,91000.0,8,203,61.53846153846154
451,75,2,7,2,2,2,N,9,0,1,1,1,1,3,2,N,8,501,48-02507,1,1,45,2,7,2,2,2,N,1,2,4,76000.0,8,317,61.53846153846154
452,44,2,5,2,2,2,N,9,1,1,10,1,2,4,1,284300.0,7,102,48-02516,1,2,29,2,5,2,2,2,N,1,2,4,0.0,0,309,69.23076923076923
453,36,2,2,2,2,2,N,7,1,1,9,1,0,3,1,2800.0,6,499,48-02101,1,1,64,2,2,2,2,2,N,1,0,2,38400.0,6,451,69.23076923076923
454,19,2,5,2,2,2,6,7,0,1,11,6,3,5,1,N,0,501,48-02516,1,1,25,2,5,2,2,2,N,1,0,N,49000.0,7,372,46.15384615384615
455,10,2,2,2,2,2,N,7,0,1,7,4,0,N,1,49100.0,0,97,48-02102,1,1,54,1,2,2,2,2,N,1,0,3,25000.0,4,391,53.84615384615385
456,10,2,7,2,2,2,N,9,0,1,4,1,0,2,1,105000.0,5,501,48-02510,2,2,47,2,7,2,2,2,N,1,0,4,70000.0,8,342,61.53846153846154
457,47,2,2,2,2,2,N,8,0,1,9,1,0,2,1,0.0,8,111,48-02102,1,2,58,2,2,2,2,2,N,1,1,3,20000.0,4,295,53.84615384615385
458,32,2,6,2,2,2,N,5,1,1,7,6,0,N,1,99000.0,6,85,48-02515,1,1,31,2,6,2,2,2,N,1,1,3,21600.0,4,156,53.84615384615385
459,16,2,5,2,2,2,N,4,0,1,N,6,0,N,1,0.0,0,501,48-02516,9,1,18,2,5,2,2,1,N,1,1,4,3000.0,1,463,46.15384615384615
460,50,2,7,2,N,N,N,N,4,1,N,N,3,4,1,N,N,488,48-02510,1,2,1,2,7,2,N,N,N,1,1,4,N,N,501,76.92307692307693
461,49,2,2,2,2,2,N,6,0,1,12,4,0,N,1,10520.0,1,N,48-02101,1,2,62,2,2,2,2,2,N,1,3,6,15000.0,3,260,53.84615384615385
462,0,2,7,2,2,2,N,5,0,1,6,6,0,2,1,0.0,1,324,48-02507,1,2,57,2,7,2,2,2,N,1,0,N,100000.0,9,501,61.53846153846154
463,37,2,7,2,2,2,N,7,0,1,11,1,2,4,2,170700.0,9,303,48-02510,1,1,52,2,7,2,2,2,N,1,0,2,90000.0,8,501,53.84615384615385
464,37,2,5,2,2,2,N,5,1,1,15,1,2,3,1,274000.0,0,305,48-02102,1,2,38,2,2,2,2,2,N,1,2,4,12000.0,3,315,53.84615384615385
465,9,2,2,2,2,2,N,1,1,1,N,6,2,3,1,300.0,0,83,48-02101,1,2,37,2,2,2,2,2,N,1,6,7,0.0,0,0,61.53846153846154
466,13,2,7,2,2,2,N,9,0,1,9,1,4,6,1,28030.0,6,501,48-02507,2,2,48,2,7,2,2,2,N,1,2,4,41000.0,6,501,69.23076923076923
467,30,2,2,2,2,2,N,5,1,1,14,2,0,2,1,N,2,501,48-02102,1,2,27,2,2,2,2,2,N,1,0,4,32000.0,5,501,69.23076923076923
