AGEP,RAC1P,MSP,SEX,HOUSING_TYPE,OWN_RENT,DVET,DEYE,PINCP_DECILE,EDU
10.0,1.0,N,1.0,1.0,1.0,N,2.0,N,3
10.0,1.0,N,1.0,1.0,1.0,N,2.0,N,3
10.0,1.0,N,1.0,1.0,1.0,N,2.0,N,3
10.0,1.0,N,1.0,1.0,1.0,N,2.0,N,3
10.0,1.0,N,1.0,1.0,1.0,N,2.0,N,3
10.0,1.0,N,1.0,1.0,1.0,N,2.0,N,3
10.0,1.0,N,1.0,1.0,1.0,N,2.0,N,3
10.0,1.0,N,1.0,1.0,1.0,N,2.0,N,3
10.0,1.0,N,1.0,1.0,1.0,N,2.0,N,3
10.0,1.0,N,1.0,1.0,1.0,N,2.0,N,3
10.0,1.0,N,1.0,1.0,1.0,N,2.0,N,3
10.0,1.0,N,1.0,1.0,1.0,N,2.0,N,3
10.0,1.0,N,1.0,1.0,1.0,N,2.0,N,3
10.0,1.0,N,1.0,1.0,1.0,N,2.0,N,3
10.0,1.0,N,1.0,1.0,1.0,N,2.0,N,3
10.0,1.0,N,1.0,1.0,1.0,N,2.0,N,3
10.0,1.0,N,1.0,1.0,1.0,N,2.0,N,3
10.0,1.0,N,1.0,1.0,1.0,N,2.0,N,3
10.0,1.0,N,1.0,1.0,1.0,N,2.0,N,3
10.0,1.0,N,1.0,1.0,2.0,N,2.0,N,3
10.0,1.0,N,1.0,1.0,2.0,N,2.0,N,3
10.0,1.0,N,1.0,1.0,2.0,N,2.0,N,3
10.0,1.0,N,1.0,1.0,2.0,N,2.0,N,3
10.0,1.0,N,1.0,1.0,2.0,N,2.0,N,3
10.0,1.0,N,1.0,1.0,2.0,N,2.0,N,3
10.0,1.0,N,1.0,1.0,2.0,N,2.0,N,3
10.0,1.0,N,1.0,1.0,2.0,N,2.0,N,3
10.0,1.0,N,1.0,1.0,2.0,N,2.0,N,3
10.0,1.0,N,1.0,1.0,2.0,N,2.0,N,3
10.0,1.0,N,1.0,1.0,2.0,N,2.0,N,3
10.0,1.0,N,1.0,1.0,2.0,N,2.0,N,3
10.0,1.0,N,1.0,1.0,2.0,N,2.0,N,3
10.0,1.0,N,1.0,1.0,2.0,N,2.0,N,3
10.0,1.0,N,1.0,1.0,2.0,N,2.0,N,3
10.0,1.0,N,2.0,1.0,1.0,N,2.0,N,3
10.0,1.0,N,2.0,1.0,1.0,N,2.0,N,3
10.0,1.0,N,2.0,1.0,1.0,N,2.0,N,3
10.0,1.0,N,2.0,1.0,1.0,N,2.0,N,3
10.0,1.0,N,2.0,1.0,1.0,N,2.0,N,3
10.0,1.0,N,2.0,1.0,1.0,N,2.0,N,3
10.0,1.0,N,2.0,1.0,1.0,N,2.0,N,3
10.0,1.0,N,2.0,1.0,1.0,N,2.0,N,3
10.0,1.0,N,2.0,1.0,1.0,N,2.0,N,3
10.0,1.0,N,2.0,1.0,1.0,N,2.0,N,3
10.0,1.0,N,2.0,1.0,1.0,N,2.0,N,3
10.0,1.0,N,2.0,1.0,1.0,N,2.0,N,3
10.0,1.0,N,2.0,1.0,1.0,N,2.0,N,3
10.0,1.0,N,2.0,1.0,1.0,N,2.0,N,3
10.0,1.0,N,2.0,1.0,1.0,N,2.0,N,3
10.0,1.0,N,2.0,1.0,1.0,N,2.0,N,3
10.0,1.0,N,2.0,1.0,1.0,N,2.0,N,3
10.0,1.0,N,2.0,1.0,1.0,N,2.0,N,3
10.0,1.0,N,2.0,1.0,1.0,N,2.0,N,3
10.0,1.0,N,2.0,1.0,1.0,N,2.0,N,3
10.0,1.0,N,2.0,1.0,1.0,N,2.0,N,3
10.0,1.0,N,2.0,1.0,1.0,N,2.0,N,3
10.0,1.0,N,2.0,1.0,1.0,N,2.0,N,3
10.0,1.0,N,2.0,1.0,1.0,N,2.0,N,3
10.0,1.0,N,2.0,1.0,1.0,N,2.0,N,3
10.0,1.0,N,2.0,1.0,1.0,N,2.0,N,3
10.0,1.0,N,2.0,1.0,2.0,N,2.0,N,3
10.0,1.0,N,2.0,1.0,2.0,N,2.0,N,3
10.0,1.0,N,2.0,1.0,2.0,N,2.0,N,3
10.0,1.0,N,2.0,1.0,2.0,N,2.0,N,3
10.0,1.0,N,2.0,1.0,2.0,N,2.0,N,3
10.0,1.0,N,2.0,1.0,2.0,N,2.0,N,3
10.0,1.0,N,2.0,1.0,2.0,N,2.0,N,3
10.0,1.0,N,2.0,1.0,2.0,N,2.0,N,3
10.0,1.0,N,2.0,1.0,2.0,N,2.0,N,3
10.0,1.0,N,2.0,1.0,2.0,N,2.0,N,3
10.0,1.0,N,2.0,1.0,2.0,N,2.0,N,3
10.0,1.0,N,2.0,1.0,2.0,N,2.0,N,3
10.0,1.0,N,2.0,1.0,2.0,N,2.0,N,3
10.0,1.0,N,2.0,1.0,2.0,N,2.0,N,3
10.0,1.0,N,2.0,1.0,2.0,N,2.0,N,3
10.0,1.0,N,2.0,1.0,2.0,N,2.0,N,3
10.0,1.0,N,2.0,1.0,2.0,N,2.0,N,3
10.0,1.0,N,2.0,1.0,2.0,N,2.0,N,3
10.0,1.0,N,2.0,1.0,2.0,N,2.0,N,3
11.0,1.0,N,1.0,1.0,1.0,N,2.0,N,3
11.0,1.0,N,1.0,1.0,1.0,N,2.0,N,3
11.0,1.0,N,1.0,1.0,1.0,N,2.0,N,3
11.0,1.0,N,1.0,1.0,1.0,N,2.0,N,3
11.0,1.0,N,1.0,1.0,1.0,N,2.0,N,3
11.0,1.0,N,1.0,1.0,1.0,N,2.0,N,3
11.0,1.0,N,1.0,1.0,1.0,N,2.0,N,3
11.0,1.0,N,1.0,1.0,1.0,N,2.0,N,3
11.0,1.0,N,1.0,1.0,1.0,N,2.0,N,3
11.0,1.0,N,1.0,1.0,1.0,N,2.0,N,3
11.0,1.0,N,1.0,1.0,1.0,N,2.0,N,3
11.0,1.0,N,1.0,1.0,1.0,N,2.0,N,3
11.0,1.0,N,1.0,1.0,1.0,N,2.0,N,3
11.0,1.0,N,1.0,1.0,1.0,N,2.0,N,3
11.0,1.0,N,1.0,1.0,1.0,N,2.0,N,3
11.0,1.0,N,1.0,1.0,1.0,N,2.0,N,3
11.0,1.0,N,1.0,1.0,1.0,N,2.0,N,3
11.0,1.0,N,1.0,1.0,1.0,N,2.0,N,3
11.0,1.0,N,1.0,1.0,1.0,N,2.0,N,3
11.0,1.0,N,1.0,1.0,1.0,N,2.0,N,3
11.0,1.0,N,1.0,1.0,1.0,N,2.0,N,3
11.0,1.0,N,1.0,1.0,1.0,N,2.0,N,3
11.0,1.0,N,1.0,1.0,1.0,N,2.0,N,3
11.0,1.0,N,1.0,1.0,1.0,N,2.0,N,3
11.0,1.0,N,1.0,1.0,1.0,N,2.0,N,3
11.0,1.0,N,1.0,1.0,1.0,N,2.0,N,3
11.0,1.0,N,1.0,1.0,1.0,N,2.0,N,3
11.0,1.0,N,1.0,1.0,1.0,N,2.0,N,3
11.0,1.0,N,1.0,1.0,1.0,N,2.0,N,3
11.0,1.0,N,1.0,1.0,1.0,N,2.0,N,3
11.0,1.0,N,1.0,1.0,1.0,N,2.0,N,3
11.0,1.0,N,1.0,1.0,1.0,N,2.0,N,3
11.0,1.0,N,2.0,1.0,1.0,N,2.0,N,3
11.0,1.0,N,2.0,1.0,1.0,N,2.0,N,3
11.0,1.0,N,2.0,1.0,1.0,N,2.0,N,3
11.0,1.0,N,2.0,1.0,1.0,N,2.0,N,3
11.0,1.0,N,2.0,1.0,1.0,N,2.0,N,3
11.0,1.0,N,2.0,1.0,1.0,N,2.0,N,3
11.0,1.0,N,2.0,1.0,1.0,N,2.0,N,3
11.0,1.0,N,2.0,1.0,1.0,N,2.0,N,3
11.0,1.0,N,2.0,1.0,1.0,N,2.0,N,3
11.0,1.0,N,2.0,1.0,1.0,N,2.0,N,3
11.0,1.0,N,2.0,1.0,1.0,N,2.0,N,3
11.0,1.0,N,2.0,1.0,1.0,N,2.0,N,3
11.0,1.0,N,2.0,1.0,1.0,N,2.0,N,3
11.0,1.0,N,2.0,1.0,1.0,N,2.0,N,3
11.0,1.0,N,2.0,1.0,1.0,N,2.0,N,3
11.0,1.0,N,2.0,1.0,1.0,N,2.0,N,3
11.0,1.0,N,2.0,1.0,1.0,N,2.0,N,3
11.0,1.0,N,2.0,1.0,1.0,N,2.0,N,3
11.0,1.0,N,2.0,1.0,1.0,N,2.0,N,3
11.0,1.0,N,2.0,1.0,1.0,N,2.0,N,3
11.0,1.0,N,2.0,1.0,1.0,N,2.0,N,3
11.0,1.0,N,2.0,1.0,1.0,N,2.0,N,3
11.0,1.0,N,2.0,1.0,1.0,N,2.0,N,3
11.0,1.0,N,2.0,1.0,1.0,N,2.0,N,3
11.0,1.0,N,2.0,1.0,1.0,N,2.0,N,3
11.0,1.0,N,2.0,1.0,1.0,N,2.0,N,3
11.0,1.0,N,2.0,1.0,1.0,N,2.0,N,3
11.0,1.0,N,2.0,1.0,1.0,N,2.0,N,3
11.0,1.0,N,2.0,1.0,1.0,N,2.0,N,3
11.0,1.0,N,2.0,1.0,1.0,N,2.0,N,3
11.0,1.0,N,2.0,1.0,1.0,N,2.0,N,3
11.0,1.0,N,2.0,1.0,1.0,N,2.0,N,3
11.0,1.0,N,2.0,1.0,1.0,N,2.0,N,3
11.0,1.0,N,2.0,1.0,1.0,N,2.0,N,3
11.0,1.0,N,2.0,1.0,1.0,N,2.0,N,3
11.0,1.0,N,2.0,1.0,1.0,N,2.0,N,3
11.0,1.0,N,2.0,1.0,1.0,N,2.0,N,3
11.0,1.0,N,2.0,1.0,1.0,N,2.0,N,3
11.0,1.0,N,2.0,1.0,1.0,N,2.0,N,3
12.0,1.0,N,1.0,1.0,1.0,N,2.0,N,3
12.0,1.0,N,1.0,1.0,1.0,N,2.0,N,3
12.0,1.0,N,1.0,1.0,1.0,N,2.0,N,3
12.0,1.0,N,1.0,1.0,1.0,N,2.0,N,3
12.0,1.0,N,1.0,1.0,1.0,N,2.0,N,3
12.0,1.0,N,1.0,1.0,1.0,N,2.0,N,3
12.0,1.0,N,1.0,1.0,1.0,N,2.0,N,3
12.0,1.0,N,1.0,1.0,1.0,N,2.0,N,3
12.0,1.0,N,1.0,1.0,1.0,N,2.0,N,3
12.0,1.0,N,1.0,1.0,1.0,N,2.0,N,3
12.0,1.0,N,1.0,1.0,1.0,N,2.0,N,3
12.0,1.0,N,1.0,1.0,1.0,N,2.0,N,3
12.0,1.0,N,1.0,1.0,1.0,N,2.0,N,3
12.0,1.0,N,1.0,1.0,1.0,N,2.0,N,3
12.0,1.0,N,1.0,1.0,1.0,N,2.0,N,3
12.0,1.0,N,1.0,1.0,1.0,N,2.0,N,3
12.0,1.0,N,1.0,1.0,1.0,N,2.0,N,3
12.0,1.0,N,1.0,1.0,1.0,N,2.0,N,3
12.0,1.0,N,1.0,1.0,1.0,N,2.0,N,3
12.0,1.0,N,1.0,1.0,1.0,N,2.0,N,3
12.0,1.0,N,1.0,1.0,1.0,N,2.0,N,3
12.0,1.0,N,1.0,1.0,1.0,N,2.0,N,3
12.0,1.0,N,1.0,1.0,1.0,N,2.0,N,3
12.0,1.0,N,1.0,1.0,1.0,N,2.0,N,3
12.0,1.0,N,1.0,1.0,1.0,N,2.0,N,3
12.0,1.0,N,2.0,1.0,1.0,N,2.0,N,3
12.0,1.0,N,2.0,1.0,1.0,N,2.0,N,3
12.0,1.0,N,2.0,1.0,1.0,N,2.0,N,3
12.0,1.0,N,2.0,1.0,1.0,N,2.0,N,3
12.0,1.0,N,2.0,1.0,1.0,N,2.0,N,3
12.0,1.0,N,2.0,1.0,1.0,N,2.0,N,3
12.0,1.0,N,2.0,1.0,1.0,N,2.0,N,3
12.0,1.0,N,2.0,1.0,1.0,N,2.0,N,3
12.0,1.0,N,2.0,1.0,1.0,N,2.0,N,3
12.0,1.0,N,2.0,1.0,1.0,N,2.0,N,3
12.0,1.0,N,2.0,1.0,1.0,N,2.0,N,3
12.0,1.0,N,2.0,1.0,1.0,N,2.0,N,3
12.0,1.0,N,2.0,1.0,1.0,N,2.0,N,3
12.0,1.0,N,2.0,1.0,1.0,N,2.0,N,3
12.0,1.0,N,2.0,1.0,1.0,N,2.0,N,3
12.0,1.0,N,2.0,1.0,1.0,N,2.0,N,3
12.0,1.0,N,2.0,1.0,1.0,N,2.0,N,3
12.0,1.0,N,2.0,1.0,1.0,N,2.0,N,3
12.0,1.0,N,2.0,1.0,1.0,N,2.0,N,3
12.0,1.0,N,2.0,1.0,1.0,N,2.0,N,3
12.0,1.0,N,2.0,1.0,1.0,N,2.0,N,3
12.0,1.0,N,2.0,1.0,1.0,N,2.0,N,3
12.0,1.0,N,2.0,1.0,1.0,N,2.0,N,3
12.0,1.0,N,2.0,1.0,1.0,N,2.0,N,3
12.0,1.0,N,2.0,1.0,1.0,N,2.0,N,3
12.0,1.0,N,2.0,1.0,1.0,N,2.0,N,3
12.0,1.0,N,2.0,1.0,1.0,N,2.0,N,3
13.0,1.0,N,1.0,1.0,1.0,N,2.0,N,3
13.0,1.0,N,1.0,1.0,1.0,N,2.0,N,3
13.0,1.0,N,1.0,1.0,1.0,N,2.0,N,3
13.0,1.0,N,1.0,1.0,1.0,N,2.0,N,3
13.0,1.0,N,1.0,1.0,1.0,N,2.0,N,3
13.0,1.0,N,1.0,1.0,1.0,N,2.0,N,3
13.0,1.0,N,1.0,1.0,1.0,N,2.0,N,3
13.0,1.0,N,1.0,1.0,1.0,N,2.0,N,3
13.0,1.0,N,1.0,1.0,1.0,N,2.0,N,3
13.0,1.0,N,1.0,1.0,1.0,N,2.0,N,3
13.0,1.0,N,1.0,1.0,1.0,N,2.0,N,3
13.0,1.0,N,1.0,1.0,1.0,N,2.0,N,3
13.0,1.0,N,1.0,1.0,1.0,N,2.0,N,3
13.0,1.0,N,1.0,1.0,1.0,N,2.0,N,3
13.0,1.0,N,1.0,1.0,1.0,N,2.0,N,3
13.0,1.0,N,1.0,1.0,1.0,N,2.0,N,3
13.0,1.0,N,1.0,1.0,1.0,N,2.0,N,3
13.0,1.0,N,1.0,1.0,1.0,N,2.0,N,3
13.0,1.0,N,1.0,1.0,1.0,N,2.0,N,3
13.0,1.0,N,1.0,1.0,1.0,N,2.0,N,3
13.0,1.0,N,1.0,1.0,1.0,N,2.0,N,3
13.0,1.0,N,1.0,1.0,1.0,N,2.0,N,3
13.0,1.0,N,1.0,1.0,1.0,N,2.0,N,3
13.0,1.0,N,1.0,1.0,1.0,N,2.0,N,3
13.0,1.0,N,1.0,1.0,1.0,N,2.0,N,3
13.0,1.0,N,1.0,1.0,1.0,N,2.0,N,3
13.0,1.0,N,1.0,1.0,2.0,N,2.0,N,3
13.0,1.0,N,1.0,1.0,2.0,N,2.0,N,3
13.0,1.0,N,1.0,1.0,2.0,N,2.0,N,3
13.0,1.0,N,1.0,1.0,2.0,N,2.0,N,3
13.0,1.0,N,1.0,1.0,2.0,N,2.0,N,3
13.0,1.0,N,1.0,1.0,2.0,N,2.0,N,3
13.0,1.0,N,1.0,1.0,2.0,N,2.0,N,3
13.0,1.0,N,1.0,1.0,2.0,N,2.0,N,3
13.0,1.0,N,1.0,1.0,2.0,N,2.0,N,3
13.0,1.0,N,1.0,1.0,2.0,N,2.0,N,3
13.0,1.0,N,1.0,1.0,2.0,N,2.0,N,3
13.0,1.0,N,1.0,1.0,2.0,N,2.0,N,3
13.0,1.0,N,1.0,1.0,2.0,N,2.0,N,3
13.0,1.0,N,1.0,1.0,2.0,N,2.0,N,3
13.0,1.0,N,1.0,1.0,2.0,N,2.0,N,3
13.0,1.0,N,1.0,1.0,2.0,N,2.0,N,3
14.0,1.0,N,1.0,1.0,1.0,N,2.0,N,3
14.0,1.0,N,1.0,1.0,1.0,N,2.0,N,3
14.0,1.0,N,1.0,1.0,1.0,N,2.0,N,3
14.0,1.0,N,1.0,1.0,1.0,N,2.0,N,3
14.0,1.0,N,1.0,1.0,1.0,N,2.0,N,3
14.0,1.0,N,1.0,1.0,1.0,N,2.0,N,3
14.0,1.0,N,1.0,1.0,1.0,N,2.0,N,3
14.0,1.0,N,1.0,1.0,1.0,N,2.0,N,3
14.0,1.0,N,1.0,1.0,1.0,N,2.0,N,3
14.0,1.0,N,1.0,1.0,1.0,N,2.0,N,3
14.0,1.0,N,1.0,1.0,1.0,N,2.0,N,3
14.0,1.0,N,1.0,1.0,1.0,N,2.0,N,3
14.0,1.0,N,1.0,1.0,1.0,N,2.0,N,3
14.0,1.0,N,1.0,1.0,1.0,N,2.0,N,3
14.0,1.0,N,1.0,1.0,1.0,N,2.0,N,3
14.0,1.0,N,1.0,1.0,1.0,N,2.0,N,3
14.0,1.0,N,1.0,1.0,1.0,N,2.0,N,3
14.0,1.0,N,1.0,1.0,1.0,N,2.0,N,3
14.0,1.0,N,1.0,1.0,1.0,N,2.0,N,3
14.0,1.0,N,1.0,1.0,1.0,N,2.0,N,3
14.0,1.0,N,1.0,1.0,1.0,N,2.0,N,3
14.0,1.0,N,1.0,1.0,1.0,N,2.0,N,3
14.0,1.0,N,1.0,1.0,1.0,N,2.0,N,3
14.0,1.0,N,1.0,1.0,1.0,N,2.0,N,3
14.0,1.0,N,1.0,1.0,1.0,N,2.0,N,3
14.0,1.0,N,1.0,1.0,1.0,N,2.0,N,3
14.0,1.0,N,1.0,1.0,1.0,N,2.0,N,3
14.0,1.0,N,1.0,1.0,1.0,N,2.0,N,3
14.0,1.0,N,1.0,1.0,1.0,N,2.0,N,3
14.0,1.0,N,1.0,1.0,1.0,N,2.0,N,3
14.0,1.0,N,2.0,1.0,1.0,N,2.0,N,3
14.0,1.0,N,2.0,1.0,1.0,N,2.0,N,3
14.0,1.0,N,2.0,1.0,1.0,N,2.0,N,3
14.0,1.0,N,2.0,1.0,1.0,N,2.0,N,3
14.0,1.0,N,2.0,1.0,1.0,N,2.0,N,3
14.0,1.0,N,2.0,1.0,1.0,N,2.0,N,3
14.0,1.0,N,2.0,1.0,1.0,N,2.0,N,3
14.0,1.0,N,2.0,1.0,1.0,N,2.0,N,3
14.0,1.0,N,2.0,1.0,1.0,N,2.0,N,3
14.0,1.0,N,2.0,1.0,1.0,N,2.0,N,3
14.0,1.0,N,2.0,1.0,1.0,N,2.0,N,3
14.0,1.0,N,2.0,1.0,1.0,N,2.0,N,3
14.0,1.0,N,2.0,1.0,1.0,N,2.0,N,3
14.0,1.0,N,2.0,1.0,1.0,N,2.0,N,3
14.0,1.0,N,2.0,1.0,1.0,N,2.0,N,3
14.0,1.0,N,2.0,1.0,1.0,N,2.0,N,3
14.0,1.0,N,2.0,1.0,1.0,N,2.0,N,3
14.0,1.0,N,2.0,1.0,1.0,N,2.0,N,3
14.0,1.0,N,2.0,1.0,1.0,N,2.0,N,3
14.0,1.0,N,2.0,1.0,1.0,N,2.0,N,3
14.0,1.0,N,2.0,1.0,1.0,N,2.0,N,3
14.0,1.0,N,2.0,1.0,1.0,N,2.0,N,3
14.0,1.0,N,2.0,1.0,1.0,N,2.0,N,3
14.0,1.0,N,2.0,1.0,1.0,N,2.0,N,3
14.0,1.0,N,2.0,1.0,1.0,N,2.0,N,3
14.0,1.0,N,2.0,1.0,1.0,N,2.0,N,3
14.0,1.0,N,2.0,1.0,1.0,N,2.0,N,3
14.0,1.0,N,2.0,1.0,1.0,N,2.0,N,3
14.0,1.0,N,2.0,1.0,1.0,N,2.0,N,3
14.0,1.0,N,2.0,1.0,1.0,N,2.0,N,3
14.0,1.0,N,2.0,1.0,1.0,N,2.0,N,3
14.0,1.0,N,2.0,1.0,1.0,N,2.0,N,3
14.0,1.0,N,2.0,1.0,1.0,N,2.0,N,3
14.0,1.0,N,2.0,1.0,1.0,N,2.0,N,3
14.0,1.0,N,2.0,1.0,1.0,N,2.0,N,3
14.0,1.0,N,2.0,1.0,1.0,N,2.0,N,3
14.0,1.0,N,2.0,1.0,1.0,N,2.0,N,3
14.0,1.0,N,2.0,1.0,1.0,N,2.0,N,3
14.0,1.0,N,2.0,1.0,1.0,N,2.0,N,3
14.0,1.0,N,2.0,1.0,1.0,N,2.0,N,3
15.0,1.0,6,1.0,1.0,1.0,N,2.0,0,4
15.0,1.0,6,1.0,1.0,1.0,N,2.0,0,4
15.0,1.0,6,1.0,1.0,1.0,N,2.0,0,4
15.0,1.0,6,1.0,1.0,1.0,N,2.0,0,4
15.0,1.0,6,1.0,1.0,1.0,N,2.0,0,4
15.0,1.0,6,1.0,1.0,1.0,N,2.0,0,4
15.0,1.0,6,1.0,1.0,1.0,N,2.0,0,4
15.0,1.0,6,1.0,1.0,1.0,N,2.0,0,4
15.0,1.0,6,1.0,1.0,1.0,N,2.0,0,4
15.0,1.0,6,1.0,1.0,1.0,N,2.0,0,4
15.0,1.0,6,1.0,1.0,1.0,N,2.0,0,4
15.0,1.0,6,1.0,1.0,1.0,N,2.0,0,4
15.0,1.0,6,1.0,1.0,1.0,N,2.0,0,4
15.0,1.0,6,2.0,1.0,1.0,N,2.0,0,4
15.0,1.0,6,2.0,1.0,1.0,N,2.0,0,4
15.0,1.0,6,2.0,1.0,1.0,N,2.0,0,4
15.0,1.0,6,2.0,1.0,1.0,N,2.0,0,4
15.0,1.0,6,2.0,1.0,1.0,N,2.0,0,4
15.0,1.0,6,2.0,1.0,1.0,N,2.0,0,4
15.0,1.0,6,2.0,1.0,1.0,N,2.0,0,4
15.0,1.0,6,2.0,1.0,1.0,N,2.0,0,4
15.0,1.0,6,2.0,1.0,1.0,N,2.0,0,4
15.0,1.0,6,2.0,1.0,1.0,N,2.0,0,4
15.0,1.0,6,2.0,1.0,1.0,N,2.0,0,4
15.0,1.0,6,2.0,1.0,1.0,N,2.0,0,4
15.0,1.0,6,2.0,1.0,1.0,N,2.0,0,4
15.0,1.0,6,2.0,1.0,1.0,N,2.0,0,4
15.0,1.0,6,2.0,1.0,1.0,N,2.0,0,4
15.0,1.0,6,2.0,1.0,1.0,N,2.0,0,4
15.0,1.0,6,2.0,1.0,1.0,N,2.0,0,4
15.0,1.0,6,2.0,1.0,1.0,N,2.0,0,4
15.0,1.0,6,2.0,1.0,1.0,N,2.0,0,4
15.0,1.0,6,2.0,1.0,1.0,N,2.0,1,4
15.0,1.0,6,2.0,1.0,1.0,N,2.0,1,4
15.0,1.0,6,2.0,1.0,1.0,N,2.0,1,4
15.0,1.0,6,2.0,1.0,1.0,N,2.0,1,4
15.0,1.0,6,2.0,1.0,1.0,N,2.0,1,4
15.0,1.0,6,2.0,1.0,1.0,N,2.0,1,4
15.0,1.0,6,2.0,1.0,1.0,N,2.0,1,4
15.0,1.0,6,2.0,1.0,1.0,N,2.0,1,4
15.0,1.0,6,2.0,1.0,1.0,N,2.0,1,4
15.0,1.0,6,2.0,1.0,1.0,N,2.0,1,4
16.0,1.0,6,1.0,1.0,1.0,N,2.0,0,4
16.0,1.0,6,1.0,1.0,1.0,N,2.0,0,4
16.0,1.0,6,1.0,1.0,1.0,N,2.0,0,4
16.0,1.0,6,1.0,1.0,1.0,N,2.0,0,4
16.0,1.0,6,1.0,1.0,1.0,N,2.0,0,4
16.0,1.0,6,1.0,1.0,1.0,N,2.0,0,4
16.0,1.0,6,1.0,1.0,1.0,N,2.0,0,4
16.0,1.0,6,1.0,1.0,1.0,N,2.0,0,4
16.0,1.0,6,1.0,1.0,1.0,N,2.0,0,4
16.0,1.0,6,1.0,1.0,1.0,N,2.0,0,4
16.0,1.0,6,1.0,1.0,1.0,N,2.0,0,4
16.0,1.0,6,1.0,1.0,1.0,N,2.0,0,4
16.0,1.0,6,1.0,1.0,1.0,N,2.0,0,4
16.0,1.0,6,1.0,1.0,1.0,N,2.0,0,4
16.0,1.0,6,1.0,1.0,1.0,N,2.0,0,4
16.0,1.0,6,1.0,1.0,1.0,N,2.0,0,4
16.0,1.0,6,1.0,1.0,1.0,N,2.0,0,4
16.0,1.0,6,2.0,1.0,1.0,N,2.0,0,4
16.0,1.0,6,2.0,1.0,1.0,N,2.0,0,4
16.0,1.0,6,2.0,1.0,1.0,N,2.0,0,4
16.0,1.0,6,2.0,1.0,1.0,N,2.0,0,4
16.0,1.0,6,2.0,1.0,1.0,N,2.0,0,4
16.0,1.0,6,2.0,1.0,1.0,N,2.0,0,4
16.0,1.0,6,2.0,1.0,1.0,N,2.0,0,4
16.0,1.0,6,2.0,1.0,1.0,N,2.0,0,4
16.0,1.0,6,2.0,1.0,1.0,N,2.0,0,4
16.0,1.0,6,2.0,1.0,1.0,N,2.0,0,4
16.0,1.0,6,2.0,1.0,1.0,N,2.0,0,4
16.0,1.0,6,2.0,1.0,1.0,N,2.0,0,4
16.0,1.0,6,2.0,1.0,1.0,N,2.0,1,4
16.0,1.0,6,2.0,1.0,1.0,N,2.0,1,4
16.0,1.0,6,2.0,1.0,1.0,N,2.0,1,4
16.0,1.0,6,2.0,1.0,1.0,N,2.0,1,4
16.0,1.0,6,2.0,1.0,1.0,N,2.0,1,4
16.0,1.0,6,2.0,1.0,1.0,N,2.0,1,4
16.0,1.0,6,2.0,1.0,1.0,N,2.0,1,4
16.0,1.0,6,2.0,1.0,1.0,N,2.0,1,4
17.0,1.0,6,1.0,1.0,1.0,N,2.0,0,4
17.0,1.0,6,1.0,1.0,1.0,N,2.0,0,4
17.0,1.0,6,1.0,1.0,1.0,N,2.0,0,4
17.0,1.0,6,1.0,1.0,1.0,N,2.0,0,4
17.0,1.0,6,1.0,1.0,1.0,N,2.0,0,4
17.0,1.0,6,1.0,1.0,1.0,N,2.0,0,4
17.0,1.0,6,1.0,1.0,1.0,N,2.0,0,4
17.0,1.0,6,1.0,1.0,1.0,N,2.0,1,4
17.0,1.0,6,1.0,1.0,1.0,N,2.0,1,4
17.0,1.0,6,1.0,1.0,1.0,N,2.0,1,4
17.0,1.0,6,1.0,1.0,1.0,N,2.0,1,4
17.0,1.0,6,1.0,1.0,1.0,N,2.0,1,4
17.0,1.0,6,1.0,1.0,1.0,N,2.0,1,4
17.0,1.0,6,1.0,1.0,1.0,N,2.0,1,4
17.0,1.0,6,1.0,1.0,1.0,N,2.0,1,4
17.0,1.0,6,1.0,1.0,1.0,N,2.0,1,4
17.0,1.0,6,1.0,1.0,1.0,N,2.0,1,4
17.0,1.0,6,1.0,1.0,1.0,N,2.0,1,4
17.0,1.0,6,1.0,1.0,1.0,N,2.0,1,4
17.0,1.0,6,1.0,1.0,1.0,N,2.0,1,4
17.0,1.0,6,1.0,1.0,1.0,N,2.0,1,4
17.0,1.0,6,1.0,1.0,1.0,N,2.0,1,4
17.0,1.0,6,1.0,1.0,1.0,N,2.0,1,4
17.0,1.0,6,1.0,1.0,1.0,N,2.0,1,4
17.0,1.0,6,1.0,1.0,1.0,N,2.0,1,4
17.0,1.0,6,1.0,1.0,1.0,N,2.0,1,4
17.0,1.0,6,1.0,1.0,1.0,N,2.0,1,4
17.0,1.0,6,1.0,1.0,1.0,N,2.0,1,4
17.0,1.0,6,1.0,1.0,1.0,N,2.0,1,4
17.0,1.0,6,2.0,1.0,1.0,N,2.0,0,4
17.0,1.0,6,2.0,1.0,1.0,N,2.0,0,4
17.0,1.0,6,2.0,1.0,1.0,N,2.0,0,4
17.0,1.0,6,2.0,1.0,1.0,N,2.0,0,4
17.0,1.0,6,2.0,1.0,1.0,N,2.0,0,4
17.0,1.0,6,2.0,1.0,1.0,N,2.0,0,4
17.0,1.0,6,2.0,1.0,1.0,N,2.0,0,4
17.0,1.0,6,2.0,1.0,1.0,N,2.0,0,4
17.0,1.0,6,2.0,1.0,1.0,N,2.0,0,4
17.0,1.0,6,2.0,1.0,1.0,N,2.0,0,4
17.0,1.0,6,2.0,1.0,1.0,N,2.0,0,4
17.0,1.0,6,2.0,1.0,1.0,N,2.0,0,4
17.0,1.0,6,2.0,1.0,1.0,N,2.0,0,4
17.0,1.0,6,2.0,1.0,1.0,N,2.0,1,4
17.0,1.0,6,2.0,1.0,1.0,N,2.0,1,4
17.0,1.0,6,2.0,1.0,1.0,N,2.0,1,4
17.0,1.0,6,2.0,1.0,1.0,N,2.0,1,4
17.0,1.0,6,2.0,1.0,1.0,N,2.0,1,4
17.0,1.0,6,2.0,1.0,1.0,N,2.0,1,4
17.0,1.0,6,2.0,1.0,1.0,N,2.0,1,4
17.0,1.0,6,2.0,1.0,1.0,N,2.0,1,4
17.0,1.0,6,2.0,1.0,1.0,N,2.0,1,4
17.0,1.0,6,2.0,1.0,1.0,N,2.0,1,4
17.0,1.0,6,2.0,1.0,1.0,N,2.0,1,4
17.0,1.0,6,2.0,1.0,1.0,N,2.0,1,4
17.0,1.0,6,2.0,1.0,1.0,N,2.0,1,4
17.0,1.0,6,2.0,1.0,1.0,N,2.0,1,4
18.0,1.0,6,1.0,1.0,1.0,N,2.0,0,5
18.0,1.0,6,1.0,1.0,1.0,N,2.0,0,5
18.0,1.0,6,1.0,1.0,1.0,N,2.0,0,5
18.0,1.0,6,1.0,1.0,1.0,N,2.0,0,5
18.0,1.0,6,1.0,1.0,1.0,N,2.0,0,5
18.0,1.0,6,1.0,1.0,1.0,N,2.0,0,5
18.0,1.0,6,1.0,1.0,1.0,N,2.0,0,5
18.0,1.0,6,1.0,1.0,1.0,N,2.0,0,5
18.0,1.0,6,1.0,1.0,1.0,N,2.0,0,5
18.0,1.0,6,1.0,1.0,1.0,N,2.0,0,5
18.0,1.0,6,1.0,1.0,1.0,N,2.0,0,5
18.0,1.0,6,1.0,1.0,1.0,N,2.0,0,5
18.0,1.0,6,1.0,1.0,1.0,N,2.0,0,5
18.0,1.0,6,1.0,1.0,1.0,N,2.0,0,5
18.0,1.0,6,1.0,1.0,1.0,N,2.0,1,5
18.0,1.0,6,1.0,1.0,1.0,N,2.0,1,5
18.0,1.0,6,1.0,1.0,1.0,N,2.0,1,5
18.0,1.0,6,1.0,1.0,1.0,N,2.0,1,5
18.0,1.0,6,1.0,1.0,1.0,N,2.0,1,5
18.0,1.0,6,1.0,1.0,1.0,N,2.0,1,5
18.0,1.0,6,1.0,1.0,1.0,N,2.0,1,5
18.0,1.0,6,1.0,3.0,0.0,N,2.0,0,5
18.0,1.0,6,1.0,3.0,0.0,N,2.0,0,5
18.0,1.0,6,1.0,3.0,0.0,N,2.0,0,5
18.0,1.0,6,1.0,3.0,0.0,N,2.0,0,5
18.0,1.0,6,1.0,3.0,0.0,N,2.0,0,5
18.0,1.0,6,1.0,3.0,0.0,N,2.0,0,5
18.0,1.0,6,1.0,3.0,0.0,N,2.0,0,5
18.0,1.0,6,1.0,3.0,0.0,N,2.0,1,5
18.0,1.0,6,1.0,3.0,0.0,N,2.0,1,5
18.0,1.0,6,1.0,3.0,0.0,N,2.0,1,5
18.0,1.0,6,1.0,3.0,0.0,N,2.0,1,5
18.0,1.0,6,1.0,3.0,0.0,N,2.0,1,5
18.0,1.0,6,1.0,3.0,0.0,N,2.0,1,5
18.0,1.0,6,1.0,3.0,0.0,N,2.0,1,5
18.0,1.0,6,1.0,3.0,0.0,N,2.0,1,5
18.0,1.0,6,1.0,3.0,0.0,N,2.0,1,5
18.0,1.0,6,1.0,3.0,0.0,N,2.0,1,5
18.0,1.0,6,1.0,3.0,0.0,N,2.0,1,5
18.0,1.0,6,1.0,3.0,0.0,N,2.0,1,7
18.0,1.0,6,1.0,3.0,0.0,N,2.0,1,7
18.0,1.0,6,1.0,3.0,0.0,N,2.0,1,7
18.0,1.0,6,1.0,3.0,0.0,N,2.0,1,7
18.0,1.0,6,1.0,3.0,0.0,N,2.0,1,7
18.0,1.0,6,1.0,3.0,0.0,N,2.0,1,7
18.0,1.0,6,1.0,3.0,0.0,N,2.0,1,7
18.0,1.0,6,2.0,1.0,1.0,N,2.0,1,5
18.0,1.0,6,2.0,1.0,1.0,N,2.0,1,5
18.0,1.0,6,2.0,1.0,1.0,N,2.0,1,5
18.0,1.0,6,2.0,1.0,1.0,N,2.0,1,5
18.0,1.0,6,2.0,1.0,1.0,N,2.0,1,5
18.0,1.0,6,2.0,1.0,1.0,N,2.0,1,5
18.0,1.0,6,2.0,1.0,1.0,N,2.0,1,5
18.0,1.0,6,2.0,1.0,1.0,N,2.0,1,5
18.0,1.0,6,2.0,1.0,1.0,N,2.0,1,5
18.0,1.0,6,2.0,1.0,1.0,N,2.0,1,5
18.0,1.0,6,2.0,1.0,1.0,N,2.0,1,5
18.0,1.0,6,2.0,3.0,0.0,N,2.0,1,5
18.0,1.0,6,2.0,3.0,0.0,N,2.0,1,5
18.0,1.0,6,2.0,3.0,0.0,N,2.0,1,5
18.0,1.0,6,2.0,3.0,0.0,N,2.0,1,5
18.0,1.0,6,2.0,3.0,0.0,N,2.0,1,5
18.0,1.0,6,2.0,3.0,0.0,N,2.0,1,5
18.0,1.0,6,2.0,3.0,0.0,N,2.0,1,5
18.0,1.0,6,2.0,3.0,0.0,N,2.0,1,7
19.0,1.0,6,1.0,1.0,1.0,N,2.0,1,5
19.0,1.0,6,1.0,1.0,1.0,N,2.0,1,5
19.0,1.0,6,1.0,1.0,1.0,N,2.0,1,5
19.0,1.0,6,1.0,1.0,1.0,N,2.0,1,5
19.0,1.0,6,1.0,1.0,1.0,N,2.0,1,5
19.0,1.0,6,1.0,1.0,1.0,N,2.0,1,5
19.0,1.0,6,1.0,1.0,1.0,N,2.0,1,5
19.0,1.0,6,1.0,1.0,1.0,N,2.0,1,5
19.0,1.0,6,1.0,1.0,1.0,N,2.0,1,5
19.0,1.0,6,1.0,1.0,1.0,N,2.0,1,5
19.0,1.0,6,1.0,1.0,1.0,N,2.0,1,5
19.0,1.0,6,1.0,1.0,1.0,N,2.0,1,5
19.0,1.0,6,1.0,1.0,1.0,N,2.0,1,5
19.0,1.0,6,1.0,1.0,1.0,N,2.0,1,5
19.0,1.0,6,1.0,1.0,1.0,N,2.0,1,5
19.0,1.0,6,1.0,1.0,1.0,N,2.0,1,5
19.0,1.0,6,2.0,1.0,1.0,N,2.0,1,5
19.0,1.0,6,2.0,1.0,1.0,N,2.0,1,5
19.0,1.0,6,2.0,1.0,1.0,N,2.0,1,5
19.0,1.0,6,2.0,1.0,1.0,N,2.0,1,5
19.0,1.0,6,2.0,1.0,1.0,N,2.0,1,5
19.0,1.0,6,2.0,1.0,1.0,N,2.0,1,5
19.0,1.0,6,2.0,1.0,1.0,N,2.0,1,5
19.0,1.0,6,2.0,1.0,1.0,N,2.0,1,5
19.0,1.0,6,2.0,1.0,1.0,N,2.0,1,5
19.0,1.0,6,2.0,1.0,1.0,N,2.0,1,5
19.0,1.0,6,2.0,1.0,1.0,N,2.0,1,5
19.0,1.0,6,2.0,1.0,1.0,N,2.0,1,5
19.0,1.0,6,2.0,1.0,1.0,N,2.0,1,5
19.0,1.0,6,2.0,1.0,1.0,N,2.0,1,5
19.0,1.0,6,2.0,1.0,1.0,N,2.0,1,5
19.0,1.0,6,2.0,1.0,1.0,N,2.0,1,5
19.0,1.0,6,2.0,1.0,1.0,N,2.0,1,5
19.0,1.0,6,2.0,3.0,0.0,N,2.0,0,7
19.0,1.0,6,2.0,3.0,0.0,N,2.0,0,7
19.0,1.0,6,2.0,3.0,0.0,N,2.0,0,7
19.0,1.0,6,2.0,3.0,0.0,N,2.0,0,7
19.0,1.0,6,2.0,3.0,0.0,N,2.0,0,7
19.0,1.0,6,2.0,3.0,0.0,N,2.0,0,7
19.0,1.0,6,2.0,3.0,0.0,N,2.0,0,7
19.0,1.0,6,2.0,3.0,0.0,N,2.0,0,7
19.0,1.0,6,2.0,3.0,0.0,N,2.0,0,7
19.0,1.0,6,2.0,3.0,0.0,N,2.0,0,7
19.0,1.0,6,2.0,3.0,0.0,N,2.0,1,7
19.0,1.0,6,2.0,3.0,0.0,N,2.0,1,7
19.0,1.0,6,2.0,3.0,0.0,N,2.0,1,7
19.0,1.0,6,2.0,3.0,0.0,N,2.0,1,7
19.0,1.0,6,2.0,3.0,0.0,N,2.0,1,7
19.0,1.0,6,2.0,3.0,0.0,N,2.0,1,7
19.0,1.0,6,2.0,3.0,0.0,N,2.0,1,7
19.0,1.0,6,2.0,3.0,0.0,N,2.0,1,7
19.0,1.0,6,2.0,3.0,0.0,N,2.0,1,7
2.0,1.0,N,1.0,1.0,1.0,N,2.0,N,N
2.0,1.0,N,1.0,1.0,1.0,N,2.0,N,N
2.0,1.0,N,1.0,1.0,1.0,N,2.0,N,N
2.0,1.0,N,1.0,1.0,1.0,N,2.0,N,N
2.0,1.0,N,1.0,1.0,1.0,N,2.0,N,N
2.0,1.0,N,1.0,1.0,1.0,N,2.0,N,N
2.0,1.0,N,1.0,1.0,1.0,N,2.0,N,N
2.0,1.0,N,1.0,1.0,1.0,N,2.0,N,N
2.0,1.0,N,1.0,1.0,1.0,N,2.0,N,N
2.0,1.0,N,1.0,1.0,1.0,N,2.0,N,N
2.0,1.0,N,1.0,1.0,1.0,N,2.0,N,N
2.0,1.0,N,1.0,1.0,1.0,N,2.0,N,N
2.0,1.0,N,1.0,1.0,1.0,N,2.0,N,N
2.0,1.0,N,1.0,1.0,1.0,N,2.0,N,N
2.0,1.0,N,1.0,1.0,1.0,N,2.0,N,N
2.0,1.0,N,1.0,1.0,1.0,N,2.0,N,N
2.0,1.0,N,1.0,1.0,1.0,N,2.0,N,N
2.0,1.0,N,1.0,1.0,1.0,N,2.0,N,N
2.0,1.0,N,1.0,1.0,1.0,N,2.0,N,N
2.0,1.0,N,1.0,1.0,1.0,N,2.0,N,N
2.0,1.0,N,1.0,1.0,1.0,N,2.0,N,N
2.0,1.0,N,1.0,1.0,1.0,N,2.0,N,N
2.0,1.0,N,1.0,1.0,1.0,N,2.0,N,N
2.0,1.0,N,1.0,1.0,1.0,N,2.0,N,N
2.0,1.0,N,1.0,1.0,1.0,N,2.0,N,N
2.0,1.0,N,1.0,1.0,1.0,N,2.0,N,N
2.0,1.0,N,1.0,1.0,1.0,N,2.0,N,N
2.0,1.0,N,1.0,1.0,1.0,N,2.0,N,N
2.0,1.0,N,1.0,1.0,1.0,N,2.0,N,N
2.0,1.0,N,1.0,1.0,1.0,N,2.0,N,N
2.0,1.0,N,1.0,1.0,1.0,N,2.0,N,N
2.0,1.0,N,1.0,1.0,1.0,N,2.0,N,N
2.0,1.0,N,1.0,1.0,1.0,N,2.0,N,N
2.0,1.0,N,1.0,1.0,1.0,N,2.0,N,N
2.0,1.0,N,1.0,1.0,1.0,N,2.0,N,N
2.0,1.0,N,1.0,1.0,1.0,N,2.0,N,N
2.0,1.0,N,1.0,1.0,1.0,N,2.0,N,N
2.0,1.0,N,1.0,1.0,1.0,N,2.0,N,N
2.0,1.0,N,1.0,1.0,1.0,N,2.0,N,N
2.0,1.0,N,1.0,1.0,1.0,N,2.0,N,N
2.0,1.0,N,1.0,1.0,1.0,N,2.0,N,N
2.0,1.0,N,1.0,1.0,1.0,N,2.0,N,N
2.0,1.0,N,1.0,1.0,1.0,N,2.0,N,N
2.0,1.0,N,1.0,1.0,1.0,N,2.0,N,N
2.0,1.0,N,1.0,1.0,1.0,N,2.0,N,N
2.0,1.0,N,1.0,1.0,1.0,N,2.0,N,N
20.0,1.0,6,1.0,1.0,1.0,N,2.0,9,7
20.0,1.0,6,1.0,1.0,1.0,N,2.0,9,7
20.0,1.0,6,1.0,1.0,1.0,N,2.0,9,7
20.0,1.0,6,1.0,1.0,1.0,N,2.0,9,7
20.0,1.0,6,1.0,1.0,1.0,N,2.0,9,7
20.0,1.0,6,1.0,1.0,1.0,N,2.0,9,7
20.0,1.0,6,1.0,1.0,1.0,N,2.0,9,7
20.0,1.0,6,1.0,1.0,1.0,N,2.0,9,7
20.0,1.0,6,1.0,1.0,1.0,N,2.0,9,7
20.0,1.0,6,1.0,1.0,1.0,N,2.0,9,7
20.0,1.0,6,1.0,1.0,1.0,N,2.0,9,7
20.0,1.0,6,1.0,1.0,1.0,N,2.0,9,7
20.0,1.0,6,1.0,1.0,1.0,N,2.0,9,7
20.0,1.0,6,1.0,1.0,1.0,N,2.0,9,7
20.0,1.0,6,1.0,1.0,1.0,N,2.0,9,7
20.0,1.0,6,1.0,1.0,1.0,N,2.0,9,7
20.0,1.0,6,1.0,1.0,1.0,N,2.0,9,7
20.0,1.0,6,1.0,1.0,1.0,N,2.0,9,7
20.0,1.0,6,1.0,1.0,1.0,N,2.0,9,7
20.0,1.0,6,1.0,1.0,1.0,N,2.0,9,7
20.0,1.0,6,1.0,3.0,0.0,N,2.0,1,7
20.0,1.0,6,1.0,3.0,0.0,N,2.0,1,7
20.0,1.0,6,1.0,3.0,0.0,N,2.0,1,7
20.0,1.0,6,1.0,3.0,0.0,N,2.0,1,7
20.0,1.0,6,2.0,1.0,1.0,N,2.0,9,7
20.0,1.0,6,2.0,1.0,1.0,N,2.0,9,7
20.0,1.0,6,2.0,1.0,1.0,N,2.0,9,7
20.0,1.0,6,2.0,1.0,1.0,N,2.0,9,7
20.0,1.0,6,2.0,1.0,1.0,N,2.0,9,7
20.0,1.0,6,2.0,1.0,1.0,N,2.0,9,7
20.0,1.0,6,2.0,1.0,1.0,N,2.0,9,7
20.0,1.0,6,2.0,1.0,1.0,N,2.0,9,7
20.0,1.0,6,2.0,1.0,1.0,N,2.0,9,7
20.0,1.0,6,2.0,1.0,1.0,N,2.0,9,7
20.0,1.0,6,2.0,1.0,1.0,N,2.0,9,7
20.0,1.0,6,2.0,1.0,1.0,N,2.0,9,7
20.0,1.0,6,2.0,1.0,1.0,N,2.0,9,7
20.0,1.0,6,2.0,1.0,1.0,N,2.0,9,7
20.0,1.0,6,2.0,1.0,1.0,N,2.0,9,7
20.0,1.0,6,2.0,1.0,1.0,N,2.0,9,7
20.0,1.0,6,2.0,1.0,1.0,N,2.0,9,7
20.0,1.0,6,2.0,3.0,0.0,N,2.0,1,7
20.0,1.0,6,2.0,3.0,0.0,N,2.0,1,7
20.0,1.0,6,2.0,3.0,0.0,N,2.0,1,7
20.0,1.0,6,2.0,3.0,0.0,N,2.0,1,7
20.0,1.0,6,2.0,3.0,0.0,N,2.0,1,7
20.0,1.0,6,2.0,3.0,0.0,N,2.0,1,7
21.0,1.0,6,1.0,3.0,0.0,N,2.0,1,7
21.0,1.0,6,1.0,3.0,0.0,N,2.0,1,7
21.0,1.0,6,1.0,3.0,0.0,N,2.0,1,7
21.0,1.0,6,1.0,3.0,0.0,N,2.0,1,7
21.0,1.0,6,1.0,3.0,0.0,N,2.0,1,7
22.0,1.0,6,1.0,1.0,1.0,N,2.0,2,7
22.0,1.0,6,1.0,1.0,1.0,N,2.0,2,7
22.0,1.0,6,1.0,1.0,1.0,N,2.0,2,7
22.0,1.0,6,1.0,1.0,1.0,N,2.0,2,7
22.0,1.0,6,1.0,1.0,1.0,N,2.0,2,7
22.0,1.0,6,1.0,1.0,1.0,N,2.0,2,7
22.0,1.0,6,1.0,1.0,1.0,N,2.0,2,7
22.0,1.0,6,1.0,1.0,1.0,N,2.0,2,7
22.0,1.0,6,1.0,1.0,1.0,N,2.0,2,7
22.0,1.0,6,1.0,1.0,1.0,N,2.0,2,7
22.0,1.0,6,1.0,1.0,1.0,N,2.0,2,7
23.0,1.0,6,1.0,1.0,1.0,N,2.0,1,9
23.0,1.0,6,1.0,1.0,1.0,N,2.0,1,9
23.0,1.0,6,1.0,1.0,1.0,N,2.0,1,9
23.0,1.0,6,1.0,1.0,1.0,N,2.0,1,9
23.0,1.0,6,1.0,1.0,1.0,N,2.0,1,9
23.0,1.0,6,1.0,1.0,1.0,N,2.0,1,9
23.0,1.0,6,1.0,1.0,1.0,N,2.0,1,9
23.0,1.0,6,1.0,1.0,1.0,N,2.0,1,9
23.0,1.0,6,1.0,1.0,1.0,N,2.0,1,9
23.0,1.0,6,1.0,1.0,1.0,N,2.0,1,9
23.0,1.0,6,1.0,1.0,1.0,N,2.0,1,9
23.0,1.0,6,1.0,1.0,1.0,N,2.0,1,9
23.0,1.0,6,1.0,1.0,1.0,N,2.0,1,9
23.0,1.0,6,1.0,1.0,1.0,N,2.0,1,9
23.0,1.0,6,1.0,1.0,1.0,N,2.0,1,9
23.0,1.0,6,1.0,1.0,1.0,N,2.0,1,9
23.0,1.0,6,1.0,1.0,2.0,N,2.0,1,9
23.0,1.0,6,1.0,1.0,2.0,N,2.0,1,9
23.0,1.0,6,1.0,1.0,2.0,N,2.0,1,9
23.0,1.0,6,1.0,1.0,2.0,N,2.0,1,9
23.0,1.0,6,1.0,1.0,2.0,N,2.0,1,9
23.0,1.0,6,1.0,1.0,2.0,N,2.0,1,9
23.0,1.0,6,1.0,1.0,2.0,N,2.0,1,9
23.0,1.0,6,2.0,1.0,1.0,N,2.0,1,9
23.0,1.0,6,2.0,1.0,1.0,N,2.0,1,9
23.0,1.0,6,2.0,1.0,1.0,N,2.0,1,9
23.0,1.0,6,2.0,1.0,1.0,N,2.0,1,9
23.0,1.0,6,2.0,1.0,1.0,N,2.0,1,9
23.0,1.0,6,2.0,1.0,1.0,N,2.0,1,9
23.0,1.0,6,2.0,1.0,1.0,N,2.0,1,9
23.0,1.0,6,2.0,1.0,1.0,N,2.0,1,9
23.0,1.0,6,2.0,1.0,1.0,N,2.0,1,9
23.0,1.0,6,2.0,1.0,1.0,N,2.0,1,9
23.0,1.0,6,2.0,1.0,1.0,N,2.0,1,9
23.0,1.0,6,2.0,1.0,1.0,N,2.0,1,9
23.0,1.0,6,2.0,1.0,1.0,N,2.0,1,9
23.0,1.0,6,2.0,1.0,1.0,N,2.0,2,9
23.0,1.0,6,2.0,1.0,1.0,N,2.0,2,9
23.0,1.0,6,2.0,1.0,1.0,N,2.0,2,9
23.0,1.0,6,2.0,1.0,1.0,N,2.0,2,9
23.0,1.0,6,2.0,1.0,1.0,N,2.0,2,9
23.0,1.0,6,2.0,1.0,1.0,N,2.0,2,9
23.0,1.0,6,2.0,1.0,1.0,N,2.0,2,9
23.0,1.0,6,2.0,1.0,1.0,N,2.0,2,9
26.0,1.0,6,2.0,1.0,1.0,N,2.0,5,8
26.0,1.0,6,2.0,1.0,1.0,N,2.0,5,8
26.0,1.0,6,2.0,1.0,1.0,N,2.0,5,8
26.0,1.0,6,2.0,1.0,1.0,N,2.0,5,8
26.0,1.0,6,2.0,1.0,1.0,N,2.0,5,8
26.0,1.0,6,2.0,1.0,1.0,N,2.0,5,9
26.0,1.0,6,2.0,1.0,1.0,N,2.0,5,9
26.0,1.0,6,2.0,1.0,1.0,N,2.0,5,9
26.0,1.0,6,2.0,1.0,1.0,N,2.0,5,9
26.0,1.0,6,2.0,1.0,1.0,N,2.0,5,9
26.0,1.0,6,2.0,1.0,1.0,N,2.0,5,9
26.0,1.0,6,2.0,1.0,1.0,N,2.0,5,9
26.0,1.0,6,2.0,1.0,1.0,N,2.0,5,9
26.0,1.0,6,2.0,1.0,1.0,N,2.0,5,9
26.0,1.0,6,2.0,1.0,1.0,N,2.0,5,9
26.0,1.0,6,2.0,1.0,1.0,N,2.0,5,9
26.0,1.0,6,2.0,1.0,1.0,N,2.0,5,9
26.0,1.0,6,2.0,1.0,1.0,N,2.0,5,9
26.0,1.0,6,2.0,1.0,1.0,N,2.0,5,9
26.0,1.0,6,2.0,1.0,1.0,N,2.0,5,9
26.0,1.0,6,2.0,1.0,1.0,N,2.0,5,9
26.0,1.0,6,2.0,1.0,1.0,N,2.0,5,9
26.0,1.0,6,2.0,1.0,1.0,N,2.0,5,9
26.0,1.0,6,2.0,1.0,1.0,N,2.0,5,9
26.0,1.0,6,2.0,1.0,1.0,N,2.0,5,9
26.0,1.0,6,2.0,1.0,1.0,N,2.0,5,9
26.0,1.0,6,2.0,1.0,1.0,N,2.0,5,9
28.0,1.0,1,2.0,1.0,1.0,N,2.0,5,10
28.0,1.0,1,2.0,1.0,1.0,N,2.0,5,10
28.0,1.0,1,2.0,1.0,1.0,N,2.0,5,10
28.0,1.0,1,2.0,1.0,1.0,N,2.0,5,10
28.0,1.0,1,2.0,1.0,1.0,N,2.0,5,10
28.0,1.0,1,2.0,1.0,1.0,N,2.0,5,10
28.0,1.0,1,2.0,1.0,1.0,N,2.0,5,10
28.0,1.0,1,2.0,1.0,1.0,N,2.0,5,10
28.0,1.0,1,2.0,1.0,1.0,N,2.0,5,10
28.0,1.0,1,2.0,1.0,1.0,N,2.0,5,10
28.0,1.0,1,2.0,1.0,1.0,N,2.0,5,10
28.0,1.0,1,2.0,1.0,1.0,N,2.0,5,10
28.0,1.0,1,2.0,1.0,1.0,N,2.0,5,10
28.0,1.0,1,2.0,1.0,1.0,N,2.0,5,10
28.0,1.0,1,2.0,1.0,1.0,N,2.0,5,10
28.0,1.0,1,2.0,1.0,1.0,N,2.0,5,10
28.0,1.0,1,2.0,1.0,1.0,N,2.0,5,10
28.0,1.0,1,2.0,1.0,1.0,N,2.0,5,10
28.0,1.0,1,2.0,1.0,1.0,N,2.0,5,10
28.0,1.0,1,2.0,1.0,1.0,N,2.0,5,10
28.0,1.0,1,2.0,1.0,1.0,N,2.0,5,10
28.0,1.0,1,2.0,1.0,1.0,N,2.0,5,10
28.0,1.0,1,2.0,1.0,1.0,N,2.0,5,10
28.0,1.0,1,2.0,1.0,1.0,N,2.0,5,10
28.0,1.0,1,2.0,1.0,1.0,N,2.0,5,10
28.0,1.0,1,2.0,1.0,1.0,N,2.0,5,10
28.0,1.0,1,2.0,1.0,1.0,N,2.0,5,10
29.0,1.0,6,2.0,1.0,1.0,N,2.0,2,9
29.0,1.0,6,2.0,1.0,1.0,N,2.0,2,9
29.0,1.0,6,2.0,1.0,1.0,N,2.0,2,9
29.0,1.0,6,2.0,1.0,1.0,N,2.0,2,9
29.0,1.0,6,2.0,1.0,1.0,N,2.0,2,9
29.0,1.0,6,2.0,1.0,1.0,N,2.0,2,9
29.0,1.0,6,2.0,1.0,1.0,N,2.0,2,9
29.0,1.0,6,2.0,1.0,2.0,N,2.0,2,9
29.0,1.0,6,2.0,1.0,2.0,N,2.0,2,9
29.0,1.0,6,2.0,1.0,2.0,N,2.0,2,9
29.0,1.0,6,2.0,1.0,2.0,N,2.0,2,9
29.0,1.0,6,2.0,1.0,2.0,N,2.0,2,9
29.0,1.0,6,2.0,1.0,2.0,N,2.0,2,9
29.0,1.0,6,2.0,1.0,2.0,N,2.0,2,9
29.0,1.0,6,2.0,1.0,2.0,N,2.0,2,9
29.0,1.0,6,2.0,1.0,2.0,N,2.0,2,9
29.0,1.0,6,2.0,1.0,2.0,N,2.0,2,9
31.0,1.0,1,1.0,1.0,1.0,N,2.0,8,10
31.0,1.0,1,1.0,1.0,1.0,N,2.0,8,10
31.0,1.0,1,1.0,1.0,1.0,N,2.0,8,10
31.0,1.0,1,1.0,1.0,1.0,N,2.0,8,10
31.0,1.0,1,1.0,1.0,1.0,N,2.0,8,10
31.0,1.0,1,1.0,1.0,1.0,N,2.0,8,10
31.0,1.0,1,1.0,1.0,1.0,N,2.0,8,10
31.0,1.0,1,1.0,1.0,1.0,N,2.0,8,10
31.0,1.0,1,1.0,1.0,1.0,N,2.0,8,10
31.0,1.0,1,1.0,1.0,1.0,N,2.0,8,10
31.0,1.0,1,1.0,1.0,1.0,N,2.0,8,10
31.0,1.0,1,1.0,1.0,1.0,N,2.0,8,10
31.0,1.0,1,1.0,1.0,1.0,N,2.0,8,10
31.0,1.0,1,1.0,1.0,1.0,N,2.0,8,10
31.0,1.0,1,1.0,1.0,1.0,N,2.0,8,10
32.0,1.0,1,2.0,1.0,1.0,N,2.0,8,9
32.0,1.0,1,2.0,1.0,1.0,N,2.0,8,9
32.0,1.0,1,2.0,1.0,1.0,N,2.0,8,9
32.0,1.0,1,2.0,1.0,1.0,N,2.0,8,9
32.0,1.0,1,2.0,1.0,1.0,N,2.0,8,9
32.0,1.0,1,2.0,1.0,1.0,N,2.0,8,9
32.0,1.0,1,2.0,1.0,1.0,N,2.0,8,9
32.0,1.0,1,2.0,1.0,1.0,N,2.0,8,9
32.0,1.0,1,2.0,1.0,1.0,N,2.0,8,9
32.0,1.0,1,2.0,1.0,1.0,N,2.0,8,9
32.0,1.0,1,2.0,1.0,1.0,N,2.0,8,9
32.0,1.0,1,2.0,1.0,1.0,N,2.0,8,9
32.0,1.0,1,2.0,1.0,1.0,N,2.0,8,9
32.0,1.0,1,2.0,1.0,1.0,N,2.0,8,9
32.0,1.0,1,2.0,1.0,1.0,N,2.0,8,9
32.0,1.0,1,2.0,1.0,1.0,N,2.0,8,9
32.0,1.0,1,2.0,1.0,1.0,N,2.0,8,9
32.0,1.0,1,2.0,1.0,1.0,N,2.0,8,9
32.0,1.0,1,2.0,1.0,1.0,N,2.0,8,9
32.0,1.0,1,2.0,1.0,2.0,N,2.0,8,9
32.0,1.0,1,2.0,1.0,2.0,N,2.0,8,9
32.0,1.0,1,2.0,1.0,2.0,N,2.0,8,9
32.0,1.0,1,2.0,1.0,2.0,N,2.0,8,9
32.0,1.0,1,2.0,1.0,2.0,N,2.0,8,9
35.0,1.0,1,1.0,1.0,1.0,N,2.0,7,10
35.0,1.0,1,1.0,1.0,1.0,N,2.0,7,10
35.0,1.0,1,1.0,1.0,1.0,N,2.0,7,10
35.0,1.0,1,1.0,1.0,1.0,N,2.0,7,10
35.0,1.0,1,1.0,1.0,1.0,N,2.0,7,10
35.0,1.0,1,1.0,1.0,1.0,N,2.0,7,10
35.0,1.0,1,1.0,1.0,1.0,N,2.0,7,10
35.0,1.0,1,1.0,1.0,1.0,N,2.0,7,10
35.0,1.0,1,1.0,1.0,1.0,N,2.0,8,10
35.0,1.0,1,1.0,1.0,1.0,N,2.0,8,10
35.0,1.0,1,1.0,1.0,1.0,N,2.0,8,10
35.0,1.0,1,1.0,1.0,1.0,N,2.0,8,10
35.0,1.0,1,1.0,1.0,1.0,N,2.0,8,10
35.0,1.0,1,1.0,1.0,1.0,N,2.0,8,10
35.0,1.0,1,1.0,1.0,1.0,N,2.0,8,10
35.0,1.0,1,1.0,1.0,1.0,N,2.0,8,10
35.0,1.0,1,1.0,1.0,1.0,N,2.0,8,10
35.0,1.0,1,1.0,1.0,1.0,N,2.0,8,10
35.0,1.0,1,1.0,1.0,1.0,N,2.0,8,10
35.0,1.0,1,1.0,1.0,1.0,N,2.0,8,10
35.0,1.0,1,1.0,1.0,1.0,N,2.0,8,9
35.0,1.0,1,1.0,1.0,1.0,N,2.0,8,9
35.0,1.0,1,1.0,1.0,1.0,N,2.0,8,9
35.0,1.0,1,1.0,1.0,1.0,N,2.0,8,9
35.0,1.0,1,1.0,1.0,1.0,N,2.0,8,9
35.0,1.0,1,1.0,1.0,1.0,N,2.0,8,9
35.0,1.0,1,1.0,1.0,1.0,N,2.0,8,9
35.0,1.0,1,1.0,1.0,1.0,N,2.0,8,9
35.0,1.0,1,1.0,1.0,1.0,N,2.0,8,9
35.0,1.0,1,1.0,1.0,1.0,N,2.0,8,9
35.0,1.0,1,1.0,1.0,1.0,N,2.0,8,9
35.0,1.0,1,1.0,1.0,1.0,N,2.0,8,9
35.0,1.0,1,1.0,1.0,1.0,N,2.0,8,9
35.0,1.0,1,1.0,1.0,1.0,N,2.0,8,9
35.0,1.0,6,1.0,1.0,1.0,N,2.0,8,10
35.0,1.0,6,1.0,1.0,1.0,N,2.0,8,10
35.0,1.0,6,1.0,1.0,1.0,N,2.0,8,10
35.0,1.0,6,1.0,1.0,1.0,N,2.0,8,10
35.0,1.0,6,1.0,1.0,1.0,N,2.0,8,10
35.0,1.0,6,1.0,1.0,1.0,N,2.0,8,10
35.0,1.0,6,1.0,1.0,1.0,N,2.0,8,10
35.0,1.0,6,1.0,1.0,1.0,N,2.0,8,10
36.0,1.0,1,2.0,1.0,1.0,N,2.0,7,10
36.0,1.0,1,2.0,1.0,1.0,N,2.0,7,10
36.0,1.0,1,2.0,1.0,1.0,N,2.0,7,10
36.0,1.0,1,2.0,1.0,1.0,N,2.0,7,10
36.0,1.0,1,2.0,1.0,1.0,N,2.0,7,10
36.0,1.0,1,2.0,1.0,1.0,N,2.0,7,10
36.0,1.0,1,2.0,1.0,1.0,N,2.0,7,10
36.0,1.0,1,2.0,1.0,1.0,N,2.0,7,10
36.0,1.0,1,2.0,1.0,1.0,N,2.0,7,10
36.0,1.0,1,2.0,1.0,1.0,N,2.0,7,10
36.0,1.0,1,2.0,1.0,1.0,N,2.0,7,10
36.0,1.0,1,2.0,1.0,1.0,N,2.0,7,10
36.0,1.0,1,2.0,1.0,1.0,N,2.0,7,9
36.0,1.0,1,2.0,1.0,1.0,N,2.0,7,9
36.0,1.0,1,2.0,1.0,1.0,N,2.0,7,9
36.0,1.0,1,2.0,1.0,1.0,N,2.0,7,9
36.0,1.0,1,2.0,1.0,1.0,N,2.0,7,9
36.0,1.0,1,2.0,1.0,1.0,N,2.0,7,9
36.0,1.0,1,2.0,1.0,1.0,N,2.0,7,9
36.0,1.0,1,2.0,1.0,1.0,N,2.0,7,9
36.0,1.0,1,2.0,1.0,1.0,N,2.0,7,9
36.0,1.0,1,2.0,1.0,1.0,N,2.0,7,9
37.0,1.0,1,2.0,1.0,1.0,N,2.0,8,10
37.0,1.0,1,2.0,1.0,1.0,N,2.0,8,10
37.0,1.0,1,2.0,1.0,1.0,N,2.0,8,10
37.0,1.0,1,2.0,1.0,1.0,N,2.0,8,10
37.0,1.0,1,2.0,1.0,1.0,N,2.0,8,10
37.0,1.0,1,2.0,1.0,1.0,N,2.0,8,10
37.0,1.0,1,2.0,1.0,1.0,N,2.0,8,10
37.0,1.0,1,2.0,1.0,1.0,N,2.0,8,10
37.0,1.0,1,2.0,1.0,1.0,N,2.0,8,10
37.0,1.0,1,2.0,1.0,1.0,N,2.0,8,10
37.0,1.0,1,2.0,1.0,1.0,N,2.0,8,10
37.0,1.0,1,2.0,1.0,1.0,N,2.0,8,10
37.0,1.0,1,2.0,1.0,1.0,N,2.0,8,10
37.0,1.0,1,2.0,1.0,1.0,N,2.0,8,10
37.0,1.0,1,2.0,1.0,1.0,N,2.0,8,10
37.0,1.0,1,2.0,1.0,1.0,N,2.0,8,10
37.0,1.0,1,2.0,1.0,1.0,N,2.0,8,10
37.0,1.0,1,2.0,1.0,1.0,N,2.0,8,10
37.0,1.0,1,2.0,1.0,1.0,N,2.0,8,10
37.0,1.0,1,2.0,1.0,1.0,N,2.0,8,10
37.0,1.0,1,2.0,1.0,1.0,N,2.0,8,10
37.0,6.0,1,2.0,1.0,1.0,N,2.0,8,10
37.0,6.0,1,2.0,1.0,1.0,N,2.0,8,10
37.0,6.0,1,2.0,1.0,1.0,N,2.0,8,10
38.0,1.0,1,2.0,1.0,1.0,N,2.0,1,9
38.0,1.0,1,2.0,1.0,1.0,N,2.0,1,9
38.0,1.0,1,2.0,1.0,1.0,N,2.0,1,9
38.0,1.0,1,2.0,1.0,1.0,N,2.0,1,9
38.0,1.0,1,2.0,1.0,1.0,N,2.0,1,9
38.0,1.0,1,2.0,1.0,1.0,N,2.0,1,9
38.0,1.0,1,2.0,1.0,1.0,N,2.0,1,9
38.0,1.0,1,2.0,1.0,1.0,N,2.0,1,9
38.0,1.0,1,2.0,1.0,1.0,N,2.0,1,9
38.0,1.0,1,2.0,1.0,1.0,N,2.0,1,9
38.0,1.0,1,2.0,1.0,1.0,N,2.0,1,9
38.0,1.0,1,2.0,1.0,1.0,N,2.0,1,9
38.0,1.0,1,2.0,1.0,1.0,N,2.0,1,9
38.0,1.0,1,2.0,1.0,1.0,N,2.0,1,9
38.0,1.0,1,2.0,1.0,1.0,N,2.0,1,9
38.0,1.0,1,2.0,1.0,1.0,N,2.0,1,9
38.0,1.0,1,2.0,1.0,1.0,N,2.0,1,9
38.0,1.0,1,2.0,1.0,1.0,N,2.0,1,9
38.0,1.0,1,2.0,1.0,1.0,N,2.0,1,9
38.0,1.0,1,2.0,1.0,1.0,N,2.0,1,9
38.0,1.0,1,2.0,1.0,1.0,N,2.0,1,9
38.0,1.0,1,2.0,1.0,1.0,N,2.0,1,9
38.0,1.0,1,2.0,1.0,1.0,N,2.0,1,9
38.0,1.0,1,2.0,1.0,1.0,N,2.0,1,9
38.0,1.0,1,2.0,1.0,1.0,N,2.0,1,9
38.0,1.0,1,2.0,1.0,1.0,N,2.0,1,9
38.0,1.0,1,2.0,1.0,1.0,N,2.0,1,9
38.0,1.0,1,2.0,1.0,1.0,N,2.0,1,9
39.0,1.0,1,1.0,1.0,1.0,N,2.0,0,10
39.0,1.0,1,1.0,1.0,1.0,N,2.0,0,10
39.0,1.0,1,1.0,1.0,1.0,N,2.0,0,10
39.0,1.0,1,1.0,1.0,1.0,N,2.0,0,10
39.0,1.0,1,1.0,1.0,1.0,N,2.0,0,10
39.0,1.0,1,1.0,1.0,1.0,N,2.0,0,10
39.0,1.0,1,1.0,1.0,1.0,N,2.0,0,10
39.0,1.0,1,1.0,1.0,1.0,N,2.0,0,9
39.0,1.0,1,1.0,1.0,1.0,N,2.0,0,9
39.0,1.0,1,1.0,1.0,1.0,N,2.0,0,9
39.0,1.0,1,1.0,1.0,1.0,N,2.0,0,9
39.0,1.0,1,1.0,1.0,1.0,N,2.0,0,9
39.0,1.0,1,1.0,1.0,1.0,N,2.0,0,9
39.0,1.0,1,1.0,1.0,1.0,N,2.0,0,9
39.0,1.0,1,1.0,1.0,1.0,N,2.0,0,9
39.0,1.0,1,1.0,1.0,1.0,N,2.0,0,9
39.0,1.0,1,1.0,1.0,1.0,N,2.0,0,9
39.0,1.0,1,1.0,1.0,1.0,N,2.0,0,9
39.0,1.0,1,1.0,1.0,1.0,N,2.0,0,9
39.0,1.0,1,1.0,1.0,1.0,N,2.0,0,9
39.0,1.0,1,1.0,1.0,1.0,N,2.0,0,9
39.0,1.0,1,1.0,1.0,1.0,N,2.0,0,9
39.0,1.0,1,1.0,1.0,1.0,N,2.0,0,9
39.0,1.0,1,1.0,1.0,1.0,N,2.0,0,9
39.0,1.0,1,1.0,1.0,1.0,N,2.0,0,9
39.0,1.0,1,1.0,1.0,1.0,N,2.0,0,9
39.0,1.0,1,1.0,1.0,1.0,N,2.0,9,10
39.0,1.0,1,1.0,1.0,1.0,N,2.0,9,10
39.0,1.0,1,1.0,1.0,1.0,N,2.0,9,10
39.0,1.0,1,1.0,1.0,1.0,N,2.0,9,10
39.0,1.0,1,1.0,1.0,1.0,N,2.0,9,10
39.0,1.0,1,1.0,1.0,1.0,N,2.0,9,10
39.0,1.0,1,1.0,1.0,1.0,N,2.0,9,10
39.0,1.0,1,1.0,1.0,1.0,N,2.0,9,10
39.0,1.0,1,1.0,1.0,1.0,N,2.0,9,10
39.0,1.0,1,1.0,1.0,1.0,N,2.0,9,10
39.0,1.0,1,1.0,1.0,1.0,N,2.0,9,10
39.0,1.0,1,1.0,1.0,1.0,N,2.0,9,10
39.0,1.0,1,1.0,1.0,1.0,N,2.0,9,10
39.0,1.0,1,1.0,1.0,1.0,N,2.0,9,10
39.0,1.0,1,1.0,1.0,1.0,N,2.0,9,10
39.0,1.0,1,1.0,1.0,1.0,N,2.0,9,9
39.0,1.0,1,1.0,1.0,1.0,N,2.0,9,9
39.0,1.0,1,1.0,1.0,1.0,N,2.0,9,9
39.0,1.0,1,1.0,1.0,1.0,N,2.0,9,9
39.0,1.0,1,1.0,1.0,1.0,N,2.0,9,9
39.0,1.0,1,1.0,1.0,1.0,N,2.0,9,9
39.0,1.0,1,1.0,1.0,1.0,N,2.0,9,9
39.0,1.0,1,1.0,1.0,1.0,N,2.0,9,9
4.0,1.0,N,1.0,1.0,1.0,N,2.0,N,1
4.0,1.0,N,1.0,1.0,1.0,N,2.0,N,1
4.0,1.0,N,1.0,1.0,1.0,N,2.0,N,1
4.0,1.0,N,1.0,1.0,1.0,N,2.0,N,1
4.0,1.0,N,1.0,1.0,1.0,N,2.0,N,1
4.0,1.0,N,1.0,1.0,1.0,N,2.0,N,1
4.0,1.0,N,1.0,1.0,1.0,N,2.0,N,1
4.0,1.0,N,1.0,1.0,1.0,N,2.0,N,1
4.0,1.0,N,1.0,1.0,1.0,N,2.0,N,1
4.0,1.0,N,1.0,1.0,1.0,N,2.0,N,1
4.0,1.0,N,1.0,1.0,1.0,N,2.0,N,1
4.0,1.0,N,1.0,1.0,1.0,N,2.0,N,1
4.0,1.0,N,1.0,1.0,1.0,N,2.0,N,1
4.0,1.0,N,1.0,1.0,1.0,N,2.0,N,1
4.0,1.0,N,1.0,1.0,1.0,N,2.0,N,1
4.0,1.0,N,1.0,1.0,1.0,N,2.0,N,1
4.0,1.0,N,1.0,1.0,1.0,N,2.0,N,1
4.0,1.0,N,1.0,1.0,1.0,N,2.0,N,1
4.0,1.0,N,1.0,1.0,1.0,N,2.0,N,1
4.0,1.0,N,1.0,1.0,1.0,N,2.0,N,1
4.0,1.0,N,1.0,1.0,1.0,N,2.0,N,1
4.0,1.0,N,1.0,1.0,1.0,N,2.0,N,1
4.0,1.0,N,1.0,1.0,1.0,N,2.0,N,1
4.0,1.0,N,1.0,1.0,1.0,N,2.0,N,2
4.0,1.0,N,1.0,1.0,1.0,N,2.0,N,2
4.0,1.0,N,1.0,1.0,1.0,N,2.0,N,2
4.0,1.0,N,1.0,1.0,1.0,N,2.0,N,2
4.0,1.0,N,1.0,1.0,1.0,N,2.0,N,2
4.0,1.0,N,1.0,1.0,1.0,N,2.0,N,2
4.0,1.0,N,1.0,1.0,1.0,N,2.0,N,2
4.0,1.0,N,1.0,1.0,1.0,N,2.0,N,2
4.0,1.0,N,1.0,1.0,1.0,N,2.0,N,2
4.0,1.0,N,1.0,1.0,1.0,N,2.0,N,2
4.0,1.0,N,1.0,1.0,1.0,N,2.0,N,2
4.0,1.0,N,1.0,1.0,1.0,N,2.0,N,2
4.0,1.0,N,1.0,1.0,1.0,N,2.0,N,2
4.0,1.0,N,1.0,1.0,1.0,N,2.0,N,2
4.0,1.0,N,1.0,1.0,1.0,N,2.0,N,2
4.0,1.0,N,1.0,1.0,1.0,N,2.0,N,2
4.0,1.0,N,1.0,1.0,1.0,N,2.0,N,2
4.0,1.0,N,1.0,1.0,1.0,N,2.0,N,2
4.0,1.0,N,1.0,1.0,1.0,N,2.0,N,2
4.0,1.0,N,1.0,1.0,1.0,N,2.0,N,2
4.0,1.0,N,1.0,1.0,1.0,N,2.0,N,2
4.0,1.0,N,1.0,1.0,1.0,N,2.0,N,2
4.0,1.0,N,1.0,1.0,1.0,N,2.0,N,2
4.0,1.0,N,1.0,1.0,1.0,N,2.0,N,2
4.0,1.0,N,2.0,1.0,1.0,N,2.0,N,2
4.0,1.0,N,2.0,1.0,1.0,N,2.0,N,2
4.0,1.0,N,2.0,1.0,1.0,N,2.0,N,2
4.0,1.0,N,2.0,1.0,1.0,N,2.0,N,2
4.0,1.0,N,2.0,1.0,1.0,N,2.0,N,2
4.0,1.0,N,2.0,1.0,1.0,N,2.0,N,2
4.0,1.0,N,2.0,1.0,1.0,N,2.0,N,2
4.0,1.0,N,2.0,1.0,1.0,N,2.0,N,2
4.0,1.0,N,2.0,1.0,1.0,N,2.0,N,2
4.0,1.0,N,2.0,1.0,1.0,N,2.0,N,2
4.0,1.0,N,2.0,1.0,1.0,N,2.0,N,2
4.0,1.0,N,2.0,1.0,1.0,N,2.0,N,2
4.0,1.0,N,2.0,1.0,1.0,N,2.0,N,2
4.0,1.0,N,2.0,1.0,1.0,N,2.0,N,2
4.0,1.0,N,2.0,1.0,1.0,N,2.0,N,2
4.0,1.0,N,2.0,1.0,1.0,N,2.0,N,2
4.0,1.0,N,2.0,1.0,1.0,N,2.0,N,2
4.0,1.0,N,2.0,1.0,1.0,N,2.0,N,2
4.0,1.0,N,2.0,1.0,1.0,N,2.0,N,2
4.0,1.0,N,2.0,1.0,1.0,N,2.0,N,2
42.0,1.0,1,1.0,1.0,1.0,N,2.0,9,10
42.0,1.0,1,1.0,1.0,1.0,N,2.0,9,10
42.0,1.0,1,1.0,1.0,1.0,N,2.0,9,10
42.0,1.0,1,1.0,1.0,1.0,N,2.0,9,10
42.0,1.0,1,1.0,1.0,1.0,N,2.0,9,10
42.0,1.0,1,1.0,1.0,1.0,N,2.0,9,10
42.0,1.0,1,1.0,1.0,1.0,N,2.0,9,10
42.0,1.0,1,1.0,1.0,1.0,N,2.0,9,10
42.0,1.0,1,1.0,1.0,1.0,N,2.0,9,10
42.0,1.0,1,1.0,1.0,1.0,N,2.0,9,10
42.0,1.0,1,1.0,1.0,1.0,N,2.0,9,10
42.0,1.0,1,1.0,1.0,1.0,N,2.0,9,10
42.0,1.0,1,2.0,1.0,1.0,N,2.0,9,10
42.0,1.0,1,2.0,1.0,1.0,N,2.0,9,10
42.0,1.0,1,2.0,1.0,1.0,N,2.0,9,10
42.0,1.0,1,2.0,1.0,1.0,N,2.0,9,10
42.0,1.0,1,2.0,1.0,1.0,N,2.0,9,10
42.0,1.0,1,2.0,1.0,1.0,N,2.0,9,10
42.0,1.0,1,2.0,1.0,1.0,N,2.0,9,10
42.0,1.0,1,2.0,1.0,1.0,N,2.0,9,10
42.0,1.0,1,2.0,1.0,1.0,N,2.0,9,10
42.0,1.0,1,2.0,1.0,1.0,N,2.0,9,10
42.0,1.0,1,2.0,1.0,1.0,N,2.0,9,10
42.0,1.0,1,2.0,1.0,1.0,N,2.0,9,10
42.0,1.0,1,2.0,1.0,1.0,N,2.0,9,10
42.0,1.0,1,2.0,1.0,1.0,N,2.0,9,10
42.0,1.0,1,2.0,1.0,1.0,N,2.0,9,10
43.0,1.0,1,1.0,1.0,1.0,N,2.0,9,9
43.0,1.0,1,1.0,1.0,1.0,N,2.0,9,9
43.0,1.0,1,1.0,1.0,1.0,N,2.0,9,9
43.0,1.0,1,1.0,1.0,1.0,N,2.0,9,9
43.0,1.0,1,1.0,1.0,1.0,N,2.0,9,9
43.0,1.0,1,1.0,1.0,1.0,N,2.0,9,9
43.0,1.0,1,1.0,1.0,1.0,N,2.0,9,9
43.0,1.0,1,1.0,1.0,1.0,N,2.0,9,9
43.0,1.0,1,1.0,1.0,1.0,N,2.0,9,9
43.0,1.0,1,1.0,1.0,1.0,N,2.0,9,9
43.0,1.0,1,1.0,1.0,1.0,N,2.0,9,9
43.0,1.0,1,1.0,1.0,1.0,N,2.0,9,9
43.0,1.0,1,1.0,1.0,1.0,N,2.0,9,9
43.0,1.0,6,1.0,1.0,1.0,N,2.0,9,9
43.0,1.0,6,1.0,1.0,1.0,N,2.0,9,9
43.0,1.0,6,1.0,1.0,1.0,N,2.0,9,9
43.0,1.0,6,1.0,1.0,1.0,N,2.0,9,9
43.0,1.0,6,1.0,1.0,1.0,N,2.0,9,9
47.0,1.0,1,1.0,1.0,1.0,N,2.0,8,9
47.0,1.0,1,1.0,1.0,1.0,N,2.0,8,9
47.0,1.0,1,1.0,1.0,1.0,N,2.0,8,9
47.0,1.0,1,1.0,1.0,1.0,N,2.0,8,9
47.0,1.0,1,1.0,1.0,1.0,N,2.0,8,9
47.0,1.0,1,1.0,1.0,1.0,N,2.0,8,9
47.0,1.0,1,2.0,1.0,1.0,N,2.0,6,9
47.0,1.0,1,2.0,1.0,1.0,N,2.0,6,9
47.0,1.0,1,2.0,1.0,1.0,N,2.0,6,9
47.0,1.0,1,2.0,1.0,1.0,N,2.0,6,9
47.0,1.0,1,2.0,1.0,1.0,N,2.0,6,9
47.0,1.0,1,2.0,1.0,1.0,N,2.0,6,9
47.0,1.0,1,2.0,1.0,1.0,N,2.0,6,9
47.0,1.0,1,2.0,1.0,1.0,N,2.0,6,9
47.0,1.0,1,2.0,1.0,1.0,N,2.0,6,9
47.0,1.0,1,2.0,1.0,1.0,N,2.0,6,9
47.0,1.0,1,2.0,1.0,1.0,N,2.0,6,9
47.0,1.0,1,2.0,1.0,1.0,N,2.0,6,9
47.0,1.0,1,2.0,1.0,1.0,N,2.0,6,9
47.0,1.0,1,2.0,1.0,1.0,N,2.0,6,9
47.0,1.0,1,2.0,1.0,1.0,N,2.0,8,9
47.0,1.0,1,2.0,1.0,1.0,N,2.0,8,9
47.0,1.0,1,2.0,1.0,1.0,N,2.0,8,9
47.0,1.0,1,2.0,1.0,1.0,N,2.0,8,9
47.0,1.0,1,2.0,1.0,1.0,N,2.0,8,9
47.0,1.0,1,2.0,1.0,1.0,N,2.0,8,9
47.0,1.0,1,2.0,1.0,1.0,N,2.0,8,9
47.0,1.0,1,2.0,1.0,1.0,N,2.0,8,9
47.0,1.0,1,2.0,1.0,1.0,N,2.0,8,9
47.0,1.0,1,2.0,1.0,1.0,N,2.0,8,9
47.0,1.0,1,2.0,1.0,1.0,N,2.0,8,9
47.0,1.0,1,2.0,1.0,1.0,N,2.0,8,9
48.0,1.0,1,2.0,1.0,1.0,N,2.0,9,5
48.0,1.0,1,2.0,1.0,1.0,N,2.0,9,5
48.0,1.0,1,2.0,1.0,1.0,N,2.0,9,5
48.0,1.0,1,2.0,1.0,1.0,N,2.0,9,5
48.0,1.0,1,2.0,1.0,1.0,N,2.0,9,5
48.0,1.0,1,2.0,1.0,1.0,N,2.0,9,5
48.0,1.0,1,2.0,1.0,1.0,N,2.0,9,5
48.0,1.0,1,2.0,1.0,1.0,N,2.0,9,5
48.0,1.0,1,2.0,1.0,1.0,N,2.0,9,5
48.0,1.0,1,2.0,1.0,1.0,N,2.0,9,5
48.0,1.0,1,2.0,1.0,1.0,N,2.0,9,5
48.0,1.0,1,2.0,1.0,1.0,N,2.0,9,5
48.0,1.0,1,2.0,1.0,1.0,N,2.0,9,5
48.0,1.0,1,2.0,1.0,1.0,N,2.0,9,5
48.0,1.0,1,2.0,1.0,1.0,N,2.0,9,5
48.0,1.0,1,2.0,1.0,1.0,N,2.0,9,5
48.0,1.0,1,2.0,1.0,1.0,N,2.0,9,5
48.0,1.0,1,2.0,1.0,1.0,N,2.0,9,5
48.0,1.0,1,2.0,1.0,1.0,N,2.0,9,5
48.0,1.0,1,2.0,1.0,1.0,N,2.0,9,5
48.0,1.0,1,2.0,1.0,1.0,N,2.0,9,5
48.0,1.0,1,2.0,1.0,1.0,N,2.0,9,5
48.0,1.0,1,2.0,1.0,1.0,N,2.0,9,5
48.0,1.0,1,2.0,1.0,1.0,N,2.0,9,5
48.0,1.0,1,2.0,1.0,1.0,N,2.0,9,5
48.0,1.0,1,2.0,1.0,1.0,N,2.0,9,5
48.0,1.0,1,2.0,1.0,1.0,N,2.0,9,5
48.0,1.0,1,2.0,1.0,1.0,N,2.0,9,5
48.0,1.0,1,2.0,1.0,1.0,N,2.0,9,5
48.0,1.0,1,2.0,1.0,1.0,N,2.0,9,5
48.0,1.0,1,2.0,1.0,1.0,N,2.0,9,5
48.0,1.0,1,2.0,1.0,1.0,N,2.0,9,5
48.0,1.0,1,2.0,1.0,1.0,N,2.0,9,5
48.0,1.0,1,2.0,1.0,1.0,N,2.0,9,5
49.0,1.0,1,1.0,1.0,1.0,N,2.0,8,9
49.0,1.0,1,1.0,1.0,1.0,N,2.0,8,9
49.0,1.0,1,1.0,1.0,1.0,N,2.0,8,9
49.0,1.0,1,1.0,1.0,1.0,N,2.0,8,9
49.0,1.0,1,1.0,1.0,1.0,N,2.0,8,9
49.0,1.0,1,1.0,1.0,1.0,N,2.0,8,9
49.0,1.0,1,1.0,1.0,1.0,N,2.0,8,9
49.0,1.0,1,1.0,1.0,1.0,N,2.0,8,9
49.0,1.0,1,1.0,1.0,1.0,N,2.0,8,9
49.0,1.0,1,1.0,1.0,1.0,N,2.0,8,9
49.0,1.0,1,1.0,1.0,1.0,N,2.0,8,9
49.0,1.0,1,1.0,1.0,1.0,N,2.0,8,9
49.0,1.0,1,1.0,1.0,1.0,N,2.0,8,9
49.0,1.0,1,1.0,1.0,1.0,N,2.0,8,9
49.0,1.0,1,1.0,1.0,1.0,N,2.0,9,9
49.0,1.0,1,1.0,1.0,1.0,N,2.0,9,9
49.0,1.0,1,1.0,1.0,1.0,N,2.0,9,9
49.0,1.0,1,1.0,1.0,1.0,N,2.0,9,9
49.0,1.0,1,1.0,1.0,1.0,N,2.0,9,9
49.0,1.0,1,1.0,1.0,1.0,N,2.0,9,9
49.0,1.0,1,1.0,1.0,1.0,N,2.0,9,9
49.0,1.0,1,1.0,1.0,1.0,N,2.0,9,9
49.0,1.0,1,1.0,1.0,1.0,N,2.0,9,9
49.0,1.0,1,2.0,1.0,1.0,N,2.0,7,9
49.0,1.0,1,2.0,1.0,1.0,N,2.0,7,9
49.0,1.0,1,2.0,1.0,1.0,N,2.0,7,9
49.0,1.0,1,2.0,1.0,1.0,N,2.0,7,9
49.0,1.0,1,2.0,1.0,1.0,N,2.0,7,9
49.0,1.0,1,2.0,1.0,1.0,N,2.0,7,9
49.0,1.0,1,2.0,1.0,1.0,N,2.0,7,9
49.0,1.0,1,2.0,1.0,1.0,N,2.0,7,9
49.0,1.0,1,2.0,1.0,1.0,N,2.0,7,9
49.0,1.0,1,2.0,1.0,1.0,N,2.0,7,9
49.0,1.0,1,2.0,1.0,1.0,N,2.0,7,9
49.0,1.0,1,2.0,1.0,1.0,N,2.0,7,9
49.0,1.0,1,2.0,1.0,1.0,N,2.0,7,9
49.0,1.0,1,2.0,1.0,1.0,N,2.0,9,9
49.0,1.0,1,2.0,1.0,1.0,N,2.0,9,9
49.0,1.0,1,2.0,1.0,1.0,N,2.0,9,9
49.0,1.0,1,2.0,1.0,1.0,N,2.0,9,9
49.0,1.0,1,2.0,1.0,1.0,N,2.0,9,9
49.0,1.0,1,2.0,1.0,1.0,N,2.0,9,9
49.0,1.0,1,2.0,1.0,1.0,N,2.0,9,9
49.0,1.0,1,2.0,1.0,1.0,N,2.0,9,9
49.0,1.0,1,2.0,1.0,1.0,N,2.0,9,9
49.0,1.0,1,2.0,1.0,1.0,N,2.0,9,9
49.0,1.0,1,2.0,1.0,1.0,N,2.0,9,9
49.0,1.0,1,2.0,1.0,1.0,N,2.0,9,9
49.0,1.0,1,2.0,1.0,1.0,N,2.0,9,9
49.0,1.0,1,2.0,1.0,1.0,N,2.0,9,9
5.0,1.0,N,1.0,1.0,1.0,N,2.0,N,2
5.0,1.0,N,1.0,1.0,1.0,N,2.0,N,2
5.0,1.0,N,1.0,1.0,1.0,N,2.0,N,2
5.0,1.0,N,1.0,1.0,1.0,N,2.0,N,2
5.0,1.0,N,1.0,1.0,1.0,N,2.0,N,2
5.0,1.0,N,1.0,1.0,1.0,N,2.0,N,2
5.0,1.0,N,1.0,1.0,1.0,N,2.0,N,2
5.0,1.0,N,1.0,1.0,1.0,N,2.0,N,2
5.0,1.0,N,1.0,1.0,1.0,N,2.0,N,2
5.0,1.0,N,1.0,1.0,1.0,N,2.0,N,2
5.0,1.0,N,1.0,1.0,1.0,N,2.0,N,2
5.0,1.0,N,1.0,1.0,1.0,N,2.0,N,2
5.0,1.0,N,1.0,1.0,1.0,N,2.0,N,2
5.0,1.0,N,1.0,1.0,1.0,N,2.0,N,2
5.0,1.0,N,1.0,1.0,1.0,N,2.0,N,2
5.0,1.0,N,1.0,1.0,1.0,N,2.0,N,2
5.0,1.0,N,1.0,1.0,1.0,N,2.0,N,2
5.0,1.0,N,2.0,1.0,1.0,N,2.0,N,2
5.0,1.0,N,2.0,1.0,1.0,N,2.0,N,2
5.0,1.0,N,2.0,1.0,1.0,N,2.0,N,2
5.0,1.0,N,2.0,1.0,1.0,N,2.0,N,2
5.0,1.0,N,2.0,1.0,1.0,N,2.0,N,2
5.0,1.0,N,2.0,1.0,1.0,N,2.0,N,2
5.0,1.0,N,2.0,1.0,1.0,N,2.0,N,2
5.0,1.0,N,2.0,1.0,1.0,N,2.0,N,2
5.0,1.0,N,2.0,1.0,1.0,N,2.0,N,2
5.0,1.0,N,2.0,1.0,1.0,N,2.0,N,2
5.0,1.0,N,2.0,1.0,1.0,N,2.0,N,2
5.0,1.0,N,2.0,1.0,1.0,N,2.0,N,2
5.0,1.0,N,2.0,1.0,1.0,N,2.0,N,2
5.0,1.0,N,2.0,1.0,1.0,N,2.0,N,2
5.0,1.0,N,2.0,1.0,1.0,N,2.0,N,2
5.0,1.0,N,2.0,1.0,1.0,N,2.0,N,2
5.0,1.0,N,2.0,1.0,1.0,N,2.0,N,2
51.0,1.0,1,1.0,1.0,1.0,N,2.0,7,9
51.0,1.0,1,1.0,1.0,1.0,N,2.0,7,9
51.0,1.0,1,1.0,1.0,1.0,N,2.0,7,9
51.0,1.0,1,1.0,1.0,1.0,N,2.0,7,9
51.0,1.0,1,1.0,1.0,1.0,N,2.0,7,9
51.0,1.0,1,1.0,1.0,1.0,N,2.0,7,9
51.0,1.0,1,1.0,1.0,1.0,N,2.0,7,9
51.0,1.0,1,1.0,1.0,1.0,N,2.0,7,9
51.0,1.0,1,1.0,1.0,1.0,N,2.0,7,9
51.0,1.0,1,1.0,1.0,1.0,N,2.0,7,9
51.0,1.0,1,1.0,1.0,1.0,N,2.0,7,9
51.0,1.0,1,1.0,1.0,1.0,N,2.0,7,9
51.0,1.0,1,1.0,1.0,1.0,N,2.0,7,9
51.0,1.0,1,1.0,1.0,1.0,N,2.0,7,9
52.0,1.0,1,2.0,1.0,1.0,N,2.0,9,7
52.0,1.0,1,2.0,1.0,1.0,N,2.0,9,7
52.0,1.0,1,2.0,1.0,1.0,N,2.0,9,7
52.0,1.0,1,2.0,1.0,1.0,N,2.0,9,7
52.0,1.0,1,2.0,1.0,1.0,N,2.0,9,7
52.0,1.0,1,2.0,1.0,1.0,N,2.0,9,7
52.0,1.0,1,2.0,1.0,1.0,N,2.0,9,7
52.0,1.0,1,2.0,1.0,1.0,N,2.0,9,7
52.0,1.0,1,2.0,1.0,1.0,N,2.0,9,7
52.0,1.0,1,2.0,1.0,1.0,N,2.0,9,7
52.0,1.0,1,2.0,1.0,1.0,N,2.0,9,7
52.0,1.0,1,2.0,1.0,1.0,N,2.0,9,7
52.0,1.0,1,2.0,1.0,1.0,N,2.0,9,7
52.0,1.0,1,2.0,1.0,1.0,N,2.0,9,7
52.0,1.0,1,2.0,1.0,1.0,N,2.0,9,7
54.0,1.0,1,1.0,1.0,1.0,N,2.0,9,9
54.0,1.0,1,1.0,1.0,1.0,N,2.0,9,9
54.0,1.0,1,1.0,1.0,1.0,N,2.0,9,9
54.0,1.0,1,1.0,1.0,1.0,N,2.0,9,9
54.0,1.0,1,1.0,1.0,1.0,N,2.0,9,9
54.0,1.0,1,1.0,1.0,1.0,N,2.0,9,9
54.0,1.0,1,1.0,1.0,1.0,N,2.0,9,9
54.0,1.0,1,1.0,1.0,1.0,N,2.0,9,9
54.0,1.0,1,1.0,1.0,1.0,N,2.0,9,9
54.0,1.0,1,1.0,1.0,1.0,N,2.0,9,9
54.0,1.0,1,2.0,1.0,1.0,N,2.0,9,9
54.0,1.0,1,2.0,1.0,1.0,N,2.0,9,9
54.0,1.0,1,2.0,1.0,1.0,N,2.0,9,9
54.0,1.0,1,2.0,1.0,1.0,N,2.0,9,9
54.0,1.0,1,2.0,1.0,1.0,N,2.0,9,9
54.0,1.0,1,2.0,1.0,1.0,N,2.0,9,9
54.0,1.0,1,2.0,1.0,1.0,N,2.0,9,9
54.0,1.0,1,2.0,1.0,1.0,N,2.0,9,9
54.0,1.0,1,2.0,1.0,1.0,N,2.0,9,9
54.0,1.0,1,2.0,1.0,1.0,N,2.0,9,9
55.0,1.0,6,1.0,1.0,1.0,N,2.0,9,9
55.0,1.0,6,1.0,1.0,1.0,N,2.0,9,9
55.0,1.0,6,1.0,1.0,1.0,N,2.0,9,9
55.0,1.0,6,1.0,1.0,1.0,N,2.0,9,9
55.0,1.0,6,1.0,1.0,1.0,N,2.0,9,9
55.0,1.0,6,1.0,1.0,1.0,N,2.0,9,9
55.0,1.0,6,1.0,1.0,1.0,N,2.0,9,9
55.0,1.0,6,1.0,1.0,1.0,N,2.0,9,9
55.0,1.0,6,1.0,1.0,1.0,N,2.0,9,9
55.0,1.0,6,1.0,1.0,1.0,N,2.0,9,9
55.0,1.0,6,1.0,1.0,1.0,N,2.0,9,9
55.0,1.0,6,1.0,1.0,1.0,N,2.0,9,9
55.0,1.0,6,1.0,1.0,1.0,N,2.0,9,9
55.0,1.0,6,1.0,1.0,1.0,N,2.0,9,9
55.0,1.0,6,2.0,1.0,1.0,N,2.0,2,9
55.0,1.0,6,2.0,1.0,1.0,N,2.0,2,9
55.0,1.0,6,2.0,1.0,1.0,N,2.0,2,9
55.0,1.0,6,2.0,1.0,1.0,N,2.0,2,9
55.0,1.0,6,2.0,1.0,1.0,N,2.0,2,9
55.0,1.0,6,2.0,1.0,1.0,N,2.0,2,9
55.0,1.0,6,2.0,1.0,1.0,N,2.0,2,9
55.0,1.0,6,2.0,1.0,1.0,N,2.0,2,9
55.0,1.0,6,2.0,1.0,1.0,N,2.0,2,9
55.0,1.0,6,2.0,1.0,1.0,N,2.0,2,9
55.0,1.0,6,2.0,1.0,1.0,N,2.0,2,9
56.0,1.0,1,1.0,1.0,1.0,N,2.0,6,9
56.0,1.0,1,1.0,1.0,1.0,N,2.0,6,9
56.0,1.0,1,1.0,1.0,1.0,N,2.0,6,9
56.0,1.0,1,1.0,1.0,1.0,N,2.0,6,9
56.0,1.0,1,1.0,1.0,1.0,N,2.0,6,9
56.0,1.0,1,1.0,1.0,1.0,N,2.0,6,9
56.0,1.0,1,1.0,1.0,1.0,N,2.0,6,9
56.0,1.0,1,1.0,1.0,1.0,N,2.0,6,9
56.0,1.0,1,1.0,1.0,1.0,N,2.0,6,9
56.0,1.0,1,1.0,1.0,1.0,N,2.0,6,9
56.0,1.0,1,1.0,1.0,1.0,N,2.0,6,5
56.0,1.0,1,1.0,1.0,1.0,N,2.0,6,5
56.0,1.0,1,1.0,1.0,1.0,N,2.0,6,5
56.0,1.0,1,1.0,1.0,1.0,N,2.0,7,9
56.0,1.0,1,1.0,1.0,1.0,N,2.0,7,9
56.0,1.0,1,1.0,1.0,1.0,N,2.0,7,9
56.0,1.0,1,1.0,1.0,1.0,N,2.0,7,5
56.0,1.0,1,1.0,1.0,1.0,N,2.0,7,5
56.0,1.0,1,1.0,1.0,1.0,N,2.0,7,5
56.0,1.0,1,1.0,1.0,1.0,N,2.0,7,5
56.0,1.0,1,1.0,1.0,1.0,N,2.0,8,9
56.0,1.0,1,1.0,1.0,1.0,N,2.0,8,9
56.0,1.0,1,1.0,1.0,1.0,N,2.0,8,5
56.0,1.0,1,1.0,1.0,1.0,N,2.0,8,5
56.0,1.0,1,1.0,1.0,1.0,N,2.0,8,5
56.0,1.0,1,1.0,1.0,1.0,N,2.0,8,5
56.0,1.0,1,1.0,1.0,1.0,N,2.0,8,5
56.0,1.0,1,1.0,1.0,1.0,N,2.0,8,5
56.0,1.0,1,1.0,1.0,1.0,N,2.0,8,5
56.0,1.0,1,1.0,1.0,1.0,N,2.0,8,5
56.0,1.0,1,1.0,1.0,1.0,N,2.0,8,5
56.0,1.0,1,1.0,1.0,1.0,N,2.0,9,9
56.0,1.0,1,2.0,1.0,1.0,N,2.0,6,9
56.0,1.0,1,2.0,1.0,1.0,N,2.0,6,9
56.0,1.0,1,2.0,1.0,1.0,N,2.0,6,9
56.0,1.0,1,2.0,1.0,1.0,N,2.0,6,9
56.0,1.0,1,2.0,1.0,1.0,N,2.0,6,9
56.0,1.0,1,2.0,1.0,1.0,N,2.0,6,9
56.0,1.0,1,2.0,1.0,1.0,N,2.0,6,9
56.0,1.0,1,2.0,1.0,1.0,N,2.0,6,5
56.0,1.0,1,2.0,1.0,1.0,N,2.0,6,5
56.0,1.0,1,2.0,1.0,1.0,N,2.0,6,5
56.0,1.0,1,2.0,1.0,1.0,N,2.0,6,5
56.0,1.0,1,2.0,1.0,1.0,N,2.0,7,9
56.0,1.0,1,2.0,1.0,1.0,N,2.0,7,9
56.0,1.0,1,2.0,1.0,1.0,N,2.0,7,9
56.0,1.0,1,2.0,1.0,1.0,N,2.0,7,9
56.0,1.0,1,2.0,1.0,1.0,N,2.0,7,9
56.0,1.0,1,2.0,1.0,1.0,N,2.0,7,9
56.0,1.0,1,2.0,1.0,1.0,N,2.0,7,9
56.0,1.0,1,2.0,1.0,1.0,N,2.0,7,5
56.0,1.0,1,2.0,1.0,1.0,N,2.0,7,5
56.0,1.0,1,2.0,1.0,1.0,N,2.0,7,5
56.0,1.0,1,2.0,1.0,1.0,N,2.0,8,9
56.0,1.0,1,2.0,1.0,1.0,N,2.0,8,9
56.0,1.0,1,2.0,1.0,1.0,N,2.0,8,9
56.0,1.0,1,2.0,1.0,1.0,N,2.0,8,9
56.0,1.0,1,2.0,1.0,1.0,N,2.0,8,9
56.0,1.0,1,2.0,1.0,1.0,N,2.0,8,9
56.0,1.0,1,2.0,1.0,1.0,N,2.0,8,9
56.0,1.0,1,2.0,1.0,1.0,N,2.0,8,9
56.0,1.0,1,2.0,1.0,1.0,N,2.0,8,9
56.0,1.0,1,2.0,1.0,1.0,N,2.0,8,9
56.0,1.0,1,2.0,1.0,1.0,N,2.0,9,9
56.0,1.0,1,2.0,1.0,1.0,N,2.0,9,9
56.0,1.0,1,2.0,1.0,1.0,N,2.0,9,9
56.0,1.0,1,2.0,1.0,1.0,N,2.0,9,9
56.0,1.0,6,1.0,1.0,1.0,N,2.0,6,9
56.0,1.0,6,1.0,1.0,1.0,N,2.0,6,9
56.0,1.0,6,1.0,1.0,1.0,N,2.0,6,9
56.0,1.0,6,1.0,1.0,1.0,N,2.0,6,9
56.0,1.0,6,1.0,1.0,1.0,N,2.0,6,9
56.0,1.0,6,1.0,1.0,1.0,N,2.0,9,9
56.0,1.0,6,1.0,1.0,1.0,N,2.0,9,9
56.0,1.0,6,1.0,1.0,1.0,N,2.0,9,9
56.0,1.0,6,1.0,1.0,1.0,N,2.0,9,9
56.0,1.0,6,1.0,1.0,1.0,N,2.0,9,9
56.0,1.0,6,2.0,1.0,1.0,N,2.0,6,9
56.0,1.0,6,2.0,1.0,1.0,N,2.0,6,9
56.0,1.0,6,2.0,1.0,1.0,N,2.0,6,9
56.0,1.0,6,2.0,1.0,1.0,N,2.0,6,9
56.0,1.0,6,2.0,1.0,1.0,N,2.0,9,9
56.0,1.0,6,2.0,1.0,1.0,N,2.0,9,9
56.0,1.0,6,2.0,1.0,1.0,N,2.0,9,9
56.0,1.0,6,2.0,1.0,1.0,N,2.0,9,9
56.0,1.0,6,2.0,1.0,1.0,N,2.0,9,9
56.0,1.0,6,2.0,1.0,1.0,N,2.0,9,9
56.0,1.0,6,2.0,1.0,1.0,N,2.0,9,9
56.0,1.0,6,2.0,1.0,1.0,N,2.0,9,9
56.0,1.0,6,2.0,1.0,1.0,N,2.0,9,9
56.0,1.0,6,2.0,1.0,1.0,N,2.0,9,9
56.0,1.0,6,2.0,1.0,1.0,N,2.0,9,9
56.0,1.0,6,2.0,1.0,1.0,N,2.0,9,9
56.0,1.0,6,2.0,1.0,2.0,N,2.0,6,9
56.0,1.0,6,2.0,1.0,2.0,N,2.0,6,9
57.0,1.0,1,1.0,1.0,1.0,N,2.0,7,9
57.0,1.0,1,1.0,1.0,1.0,N,2.0,7,9
57.0,1.0,1,1.0,1.0,1.0,N,2.0,7,9
57.0,1.0,1,1.0,1.0,1.0,N,2.0,7,9
57.0,1.0,1,1.0,1.0,1.0,N,2.0,7,9
57.0,1.0,1,1.0,1.0,1.0,N,2.0,7,9
57.0,1.0,1,1.0,1.0,1.0,N,2.0,7,5
57.0,1.0,1,1.0,1.0,1.0,N,2.0,7,5
57.0,1.0,1,1.0,1.0,1.0,N,2.0,7,5
57.0,1.0,1,1.0,1.0,1.0,N,2.0,7,5
57.0,1.0,1,1.0,1.0,1.0,N,2.0,7,5
57.0,1.0,1,1.0,1.0,1.0,N,2.0,7,7
57.0,1.0,1,1.0,1.0,1.0,N,2.0,7,7
57.0,1.0,1,1.0,1.0,1.0,N,2.0,7,7
57.0,1.0,1,1.0,1.0,1.0,N,2.0,7,7
57.0,1.0,1,1.0,1.0,1.0,N,2.0,7,7
57.0,1.0,1,1.0,1.0,1.0,N,2.0,7,7
57.0,1.0,1,1.0,1.0,1.0,N,2.0,7,7
57.0,1.0,1,1.0,1.0,1.0,N,2.0,7,7
57.0,1.0,1,1.0,1.0,1.0,N,2.0,7,7
57.0,1.0,1,1.0,1.0,1.0,N,2.0,7,7
57.0,1.0,1,1.0,1.0,1.0,N,2.0,7,7
57.0,1.0,1,1.0,1.0,1.0,N,2.0,7,7
57.0,1.0,1,1.0,1.0,1.0,N,2.0,7,7
57.0,1.0,1,1.0,1.0,1.0,N,2.0,7,7
57.0,1.0,1,1.0,1.0,1.0,N,2.0,7,7
57.0,1.0,1,1.0,1.0,1.0,N,2.0,7,7
57.0,1.0,1,1.0,1.0,1.0,N,2.0,7,7
57.0,1.0,1,1.0,1.0,1.0,N,2.0,9,9
57.0,1.0,1,1.0,1.0,1.0,N,2.0,9,9
57.0,1.0,1,1.0,1.0,1.0,N,2.0,9,9
57.0,1.0,1,1.0,1.0,1.0,N,2.0,9,5
57.0,1.0,1,1.0,1.0,1.0,N,2.0,9,5
57.0,1.0,1,1.0,1.0,1.0,N,2.0,9,5
57.0,1.0,1,1.0,1.0,1.0,N,2.0,9,5
57.0,1.0,1,1.0,1.0,1.0,N,2.0,9,5
57.0,1.0,1,1.0,1.0,1.0,N,2.0,9,5
57.0,1.0,1,1.0,1.0,1.0,N,2.0,9,5
57.0,1.0,1,1.0,1.0,1.0,N,2.0,9,5
57.0,1.0,1,1.0,1.0,1.0,N,2.0,9,5
57.0,1.0,1,1.0,1.0,1.0,N,2.0,9,5
57.0,1.0,1,1.0,1.0,1.0,N,2.0,9,5
57.0,1.0,1,1.0,1.0,1.0,N,2.0,9,5
57.0,1.0,1,1.0,1.0,1.0,N,2.0,9,5
57.0,1.0,1,1.0,1.0,1.0,N,2.0,9,5
57.0,1.0,1,1.0,1.0,1.0,N,2.0,9,5
57.0,1.0,1,1.0,1.0,1.0,N,2.0,9,5
57.0,1.0,1,1.0,1.0,1.0,N,2.0,9,5
57.0,1.0,1,2.0,1.0,1.0,N,2.0,5,9
57.0,1.0,1,2.0,1.0,1.0,N,2.0,5,9
57.0,1.0,1,2.0,1.0,1.0,N,2.0,5,9
57.0,1.0,1,2.0,1.0,1.0,N,2.0,5,9
57.0,1.0,1,2.0,1.0,1.0,N,2.0,5,9
57.0,1.0,1,2.0,1.0,1.0,N,2.0,5,9
57.0,1.0,1,2.0,1.0,1.0,N,2.0,5,9
57.0,1.0,1,2.0,1.0,1.0,N,2.0,5,9
57.0,1.0,1,2.0,1.0,1.0,N,2.0,5,9
57.0,1.0,1,2.0,1.0,1.0,N,2.0,5,9
57.0,1.0,1,2.0,1.0,1.0,N,2.0,5,9
57.0,1.0,1,2.0,1.0,1.0,N,2.0,5,9
57.0,1.0,1,2.0,1.0,1.0,N,2.0,5,9
57.0,1.0,1,2.0,1.0,1.0,N,2.0,5,9
57.0,1.0,1,2.0,1.0,1.0,N,2.0,5,9
57.0,1.0,1,2.0,1.0,1.0,N,2.0,7,9
57.0,1.0,1,2.0,1.0,1.0,N,2.0,7,9
57.0,1.0,1,2.0,1.0,1.0,N,2.0,7,9
57.0,1.0,1,2.0,1.0,1.0,N,2.0,7,9
57.0,1.0,1,2.0,1.0,1.0,N,2.0,7,9
57.0,1.0,1,2.0,1.0,1.0,N,2.0,7,5
57.0,1.0,1,2.0,1.0,1.0,N,2.0,7,5
57.0,1.0,1,2.0,1.0,1.0,N,2.0,7,5
57.0,1.0,1,2.0,1.0,1.0,N,2.0,7,5
57.0,1.0,1,2.0,1.0,1.0,N,2.0,7,5
57.0,1.0,1,2.0,1.0,1.0,N,2.0,9,9
57.0,1.0,1,2.0,1.0,1.0,N,2.0,9,9
57.0,1.0,1,2.0,1.0,1.0,N,2.0,9,9
57.0,1.0,1,2.0,1.0,1.0,N,2.0,9,9
57.0,1.0,1,2.0,1.0,1.0,N,2.0,9,9
57.0,1.0,1,2.0,1.0,1.0,N,2.0,9,9
57.0,1.0,1,2.0,1.0,1.0,N,2.0,9,9
57.0,1.0,1,2.0,1.0,1.0,N,2.0,9,5
57.0,1.0,1,2.0,1.0,1.0,N,2.0,9,5
57.0,1.0,1,2.0,1.0,1.0,N,2.0,9,5
57.0,1.0,1,2.0,1.0,1.0,N,2.0,9,5
57.0,1.0,1,2.0,1.0,1.0,N,2.0,9,5
57.0,1.0,1,2.0,1.0,1.0,N,2.0,9,5
57.0,1.0,1,2.0,1.0,1.0,N,2.0,9,5
57.0,1.0,1,2.0,1.0,1.0,N,2.0,9,5
57.0,1.0,1,2.0,1.0,1.0,N,2.0,9,5
57.0,1.0,1,2.0,1.0,1.0,N,2.0,9,5
58.0,1.0,1,1.0,1.0,1.0,N,2.0,8,9
58.0,1.0,1,1.0,1.0,1.0,N,2.0,8,9
58.0,1.0,1,1.0,1.0,1.0,N,2.0,8,9
58.0,1.0,1,1.0,1.0,1.0,N,2.0,8,9
58.0,1.0,1,1.0,1.0,1.0,N,2.0,8,9
58.0,1.0,1,1.0,1.0,1.0,N,2.0,8,9
58.0,1.0,1,1.0,1.0,1.0,N,2.0,8,9
58.0,1.0,1,1.0,1.0,1.0,N,2.0,8,9
58.0,1.0,1,1.0,1.0,1.0,N,2.0,8,9
58.0,1.0,1,1.0,1.0,1.0,N,2.0,8,9
58.0,1.0,1,1.0,1.0,1.0,N,2.0,8,9
58.0,1.0,1,1.0,1.0,1.0,N,2.0,8,9
59.0,1.0,1,1.0,1.0,1.0,N,2.0,7,9
59.0,1.0,1,1.0,1.0,1.0,N,2.0,7,9
59.0,1.0,1,1.0,1.0,1.0,N,2.0,7,9
59.0,1.0,1,1.0,1.0,1.0,N,2.0,7,9
59.0,1.0,1,1.0,1.0,1.0,N,2.0,7,9
59.0,1.0,1,1.0,1.0,1.0,N,2.0,7,5
59.0,1.0,1,1.0,1.0,1.0,N,2.0,7,5
59.0,1.0,1,1.0,1.0,1.0,N,2.0,7,5
59.0,1.0,1,1.0,1.0,1.0,N,2.0,7,5
59.0,1.0,1,2.0,1.0,1.0,N,2.0,6,5
59.0,1.0,1,2.0,1.0,1.0,N,2.0,6,5
59.0,1.0,1,2.0,1.0,1.0,N,2.0,6,5
59.0,1.0,1,2.0,1.0,1.0,N,2.0,6,5
59.0,1.0,1,2.0,1.0,1.0,N,2.0,6,5
59.0,1.0,1,2.0,1.0,1.0,N,2.0,6,5
59.0,1.0,1,2.0,1.0,1.0,N,2.0,6,5
59.0,1.0,1,2.0,1.0,1.0,N,2.0,6,5
59.0,1.0,1,2.0,1.0,1.0,N,2.0,6,5
59.0,1.0,1,2.0,1.0,1.0,N,2.0,6,5
59.0,1.0,1,2.0,1.0,1.0,N,2.0,7,9
59.0,1.0,1,2.0,1.0,1.0,N,2.0,7,9
59.0,1.0,1,2.0,1.0,1.0,N,2.0,7,9
59.0,1.0,1,2.0,1.0,1.0,N,2.0,7,9
59.0,1.0,1,2.0,1.0,1.0,N,2.0,7,9
59.0,1.0,1,2.0,1.0,1.0,N,2.0,7,9
59.0,1.0,1,2.0,1.0,1.0,N,2.0,7,9
59.0,1.0,1,2.0,1.0,1.0,N,2.0,7,9
59.0,1.0,1,2.0,1.0,1.0,N,2.0,7,9
59.0,1.0,1,2.0,1.0,1.0,N,2.0,7,9
59.0,1.0,1,2.0,1.0,1.0,N,2.0,7,9
59.0,1.0,1,2.0,1.0,1.0,N,2.0,7,9
59.0,1.0,1,2.0,1.0,1.0,N,2.0,7,5
59.0,1.0,1,2.0,1.0,1.0,N,2.0,7,5
59.0,1.0,1,2.0,1.0,1.0,N,2.0,7,5
59.0,1.0,1,2.0,1.0,1.0,N,2.0,7,5
59.0,1.0,1,2.0,1.0,1.0,N,2.0,7,5
59.0,1.0,1,2.0,1.0,1.0,N,2.0,7,5
59.0,1.0,1,2.0,1.0,1.0,N,2.0,7,5
59.0,1.0,1,2.0,1.0,1.0,N,2.0,7,5
59.0,1.0,1,2.0,1.0,1.0,N,2.0,7,5
59.0,1.0,1,2.0,1.0,1.0,N,2.0,7,5
59.0,1.0,4,1.0,1.0,1.0,N,2.0,8,9
59.0,1.0,4,1.0,1.0,1.0,N,2.0,8,9
59.0,1.0,4,1.0,1.0,1.0,N,2.0,8,9
59.0,1.0,4,1.0,1.0,1.0,N,2.0,8,9
59.0,1.0,4,1.0,1.0,1.0,N,2.0,8,9
59.0,1.0,4,1.0,1.0,1.0,N,2.0,8,9
59.0,1.0,4,1.0,1.0,1.0,N,2.0,8,9
59.0,1.0,4,1.0,1.0,1.0,N,2.0,8,9
59.0,1.0,4,1.0,1.0,1.0,N,2.0,8,9
59.0,1.0,4,1.0,1.0,1.0,N,2.0,8,9
59.0,1.0,4,1.0,1.0,1.0,N,2.0,8,9
59.0,1.0,4,2.0,1.0,1.0,N,2.0,6,5
59.0,1.0,4,2.0,1.0,1.0,N,2.0,6,5
59.0,1.0,4,2.0,1.0,1.0,N,2.0,6,5
59.0,1.0,4,2.0,1.0,1.0,N,2.0,6,5
59.0,1.0,4,2.0,1.0,1.0,N,2.0,6,5
59.0,1.0,4,2.0,1.0,1.0,N,2.0,8,9
59.0,1.0,4,2.0,1.0,1.0,N,2.0,8,9
59.0,1.0,4,2.0,1.0,1.0,N,2.0,8,9
59.0,1.0,4,2.0,1.0,1.0,N,2.0,8,9
6.0,1.0,N,1.0,1.0,1.0,N,2.0,N,2
6.0,1.0,N,1.0,1.0,1.0,N,2.0,N,2
6.0,1.0,N,1.0,1.0,1.0,N,2.0,N,2
6.0,1.0,N,1.0,1.0,1.0,N,2.0,N,2
6.0,1.0,N,1.0,1.0,1.0,N,2.0,N,2
6.0,1.0,N,1.0,1.0,1.0,N,2.0,N,2
6.0,1.0,N,1.0,1.0,1.0,N,2.0,N,2
6.0,1.0,N,1.0,1.0,1.0,N,2.0,N,2
6.0,1.0,N,1.0,1.0,1.0,N,2.0,N,2
6.0,1.0,N,1.0,1.0,1.0,N,2.0,N,2
6.0,1.0,N,1.0,1.0,1.0,N,2.0,N,2
6.0,1.0,N,1.0,1.0,1.0,N,2.0,N,2
6.0,1.0,N,1.0,1.0,1.0,N,2.0,N,2
6.0,1.0,N,1.0,1.0,1.0,N,2.0,N,2
6.0,1.0,N,1.0,1.0,1.0,N,2.0,N,2
6.0,1.0,N,1.0,1.0,1.0,N,2.0,N,2
6.0,1.0,N,1.0,1.0,1.0,N,2.0,N,2
6.0,1.0,N,1.0,1.0,1.0,N,2.0,N,2
6.0,1.0,N,2.0,1.0,1.0,N,2.0,N,2
6.0,1.0,N,2.0,1.0,1.0,N,2.0,N,2
6.0,1.0,N,2.0,1.0,1.0,N,2.0,N,2
6.0,1.0,N,2.0,1.0,1.0,N,2.0,N,2
6.0,1.0,N,2.0,1.0,1.0,N,2.0,N,2
6.0,1.0,N,2.0,1.0,1.0,N,2.0,N,2
6.0,1.0,N,2.0,1.0,1.0,N,2.0,N,2
6.0,1.0,N,2.0,1.0,1.0,N,2.0,N,2
6.0,1.0,N,2.0,1.0,1.0,N,2.0,N,2
6.0,1.0,N,2.0,1.0,1.0,N,2.0,N,2
6.0,1.0,N,2.0,1.0,1.0,N,2.0,N,2
6.0,1.0,N,2.0,1.0,1.0,N,2.0,N,2
6.0,1.0,N,2.0,1.0,1.0,N,2.0,N,2
6.0,1.0,N,2.0,1.0,1.0,N,2.0,N,2
6.0,1.0,N,2.0,1.0,1.0,N,2.0,N,2
6.0,1.0,N,2.0,1.0,1.0,N,2.0,N,2
6.0,1.0,N,2.0,1.0,1.0,N,2.0,N,2
6.0,1.0,N,2.0,1.0,1.0,N,2.0,N,2
6.0,1.0,N,2.0,1.0,1.0,N,2.0,N,2
60.0,1.0,1,1.0,1.0,1.0,N,2.0,0,10
60.0,1.0,1,1.0,1.0,1.0,N,2.0,0,10
60.0,1.0,1,1.0,1.0,1.0,N,2.0,0,10
60.0,1.0,1,1.0,1.0,1.0,N,2.0,0,10
60.0,1.0,1,1.0,1.0,1.0,N,2.0,0,10
60.0,1.0,1,1.0,1.0,1.0,N,2.0,0,10
60.0,1.0,1,1.0,1.0,1.0,N,2.0,0,10
60.0,1.0,1,1.0,1.0,1.0,N,2.0,0,10
60.0,1.0,1,1.0,1.0,1.0,N,2.0,0,10
60.0,1.0,1,1.0,1.0,1.0,N,2.0,0,10
60.0,1.0,1,1.0,1.0,1.0,N,2.0,0,10
60.0,1.0,1,1.0,1.0,1.0,N,2.0,9,10
60.0,1.0,1,1.0,1.0,1.0,N,2.0,9,10
60.0,1.0,1,1.0,1.0,1.0,N,2.0,9,10
60.0,1.0,1,1.0,1.0,1.0,N,2.0,9,10
60.0,1.0,1,1.0,1.0,1.0,N,2.0,9,10
60.0,1.0,1,1.0,1.0,1.0,N,2.0,9,10
60.0,1.0,1,1.0,1.0,1.0,N,2.0,9,10
60.0,1.0,1,1.0,1.0,1.0,N,2.0,9,10
60.0,1.0,1,1.0,1.0,1.0,N,2.0,9,10
60.0,1.0,1,1.0,1.0,1.0,N,2.0,9,10
60.0,1.0,1,1.0,1.0,1.0,N,2.0,9,10
60.0,1.0,1,1.0,1.0,1.0,N,2.0,9,10
60.0,1.0,1,1.0,1.0,1.0,N,2.0,9,10
60.0,1.0,1,1.0,1.0,1.0,N,2.0,9,10
60.0,1.0,1,1.0,1.0,1.0,N,2.0,9,10
60.0,1.0,1,1.0,1.0,1.0,N,2.0,9,10
60.0,1.0,1,2.0,1.0,1.0,N,2.0,0,10
60.0,1.0,1,2.0,1.0,1.0,N,2.0,0,10
60.0,1.0,1,2.0,1.0,1.0,N,2.0,0,10
60.0,1.0,1,2.0,1.0,1.0,N,2.0,0,10
60.0,1.0,1,2.0,1.0,1.0,N,2.0,0,10
60.0,1.0,1,2.0,1.0,1.0,N,2.0,0,10
60.0,1.0,1,2.0,1.0,1.0,N,2.0,0,10
60.0,1.0,1,2.0,1.0,1.0,N,2.0,0,10
60.0,1.0,1,2.0,1.0,1.0,N,2.0,0,10
60.0,1.0,1,2.0,1.0,1.0,N,2.0,0,10
60.0,1.0,1,2.0,1.0,1.0,N,2.0,0,10
60.0,1.0,1,2.0,1.0,1.0,N,2.0,0,10
60.0,1.0,1,2.0,1.0,1.0,N,2.0,0,10
60.0,1.0,1,2.0,1.0,1.0,N,2.0,0,10
60.0,1.0,1,2.0,1.0,1.0,N,2.0,0,10
60.0,1.0,1,2.0,1.0,1.0,N,2.0,0,10
60.0,1.0,1,2.0,1.0,1.0,N,2.0,0,10
60.0,1.0,1,2.0,1.0,1.0,N,2.0,0,10
60.0,1.0,1,2.0,1.0,1.0,N,2.0,0,10
60.0,1.0,1,2.0,1.0,1.0,N,2.0,0,10
60.0,1.0,1,2.0,1.0,1.0,N,2.0,9,10
60.0,1.0,1,2.0,1.0,1.0,N,2.0,9,10
60.0,1.0,1,2.0,1.0,1.0,N,2.0,9,10
60.0,1.0,1,2.0,1.0,1.0,N,2.0,9,10
60.0,1.0,1,2.0,1.0,1.0,N,2.0,9,10
60.0,1.0,1,2.0,1.0,1.0,N,2.0,9,10
60.0,1.0,1,2.0,1.0,1.0,N,2.0,9,10
60.0,1.0,1,2.0,1.0,1.0,N,2.0,9,10
60.0,1.0,1,2.0,1.0,1.0,N,2.0,9,10
60.0,1.0,1,2.0,1.0,1.0,N,2.0,9,10
60.0,1.0,1,2.0,1.0,1.0,N,2.0,9,10
60.0,1.0,1,2.0,1.0,1.0,N,2.0,9,10
60.0,1.0,1,2.0,1.0,1.0,N,2.0,9,10
60.0,1.0,1,2.0,1.0,1.0,N,2.0,9,10
60.0,1.0,1,2.0,1.0,1.0,N,2.0,9,10
60.0,1.0,1,2.0,1.0,1.0,N,2.0,9,10
60.0,1.0,1,2.0,1.0,1.0,N,2.0,9,10
60.0,1.0,1,2.0,1.0,1.0,N,2.0,9,10
60.0,1.0,1,2.0,1.0,1.0,N,2.0,9,10
62.0,1.0,1,1.0,1.0,1.0,N,2.0,3,9
62.0,1.0,1,1.0,1.0,1.0,N,2.0,3,9
62.0,1.0,1,1.0,1.0,1.0,N,2.0,3,9
62.0,1.0,1,1.0,1.0,1.0,N,2.0,3,9
62.0,1.0,1,1.0,1.0,1.0,N,2.0,3,9
62.0,1.0,1,1.0,1.0,1.0,N,2.0,3,9
62.0,1.0,1,1.0,1.0,1.0,N,2.0,3,9
62.0,1.0,1,1.0,1.0,1.0,N,2.0,3,9
62.0,1.0,1,1.0,1.0,1.0,N,2.0,3,9
62.0,1.0,1,1.0,1.0,1.0,N,2.0,3,9
62.0,1.0,1,1.0,1.0,1.0,N,2.0,3,9
62.0,1.0,1,1.0,1.0,1.0,N,2.0,3,9
62.0,1.0,1,1.0,1.0,1.0,N,2.0,3,9
62.0,1.0,1,1.0,1.0,1.0,N,2.0,3,9
62.0,1.0,1,1.0,1.0,1.0,N,2.0,3,9
62.0,1.0,1,1.0,1.0,1.0,N,2.0,3,9
62.0,1.0,1,1.0,1.0,1.0,N,2.0,3,9
62.0,1.0,1,1.0,1.0,1.0,N,2.0,3,9
62.0,1.0,1,1.0,1.0,1.0,N,2.0,3,9
62.0,1.0,1,1.0,1.0,1.0,N,2.0,3,9
62.0,1.0,1,1.0,1.0,1.0,N,2.0,3,9
62.0,1.0,1,1.0,1.0,1.0,N,2.0,3,9
62.0,1.0,1,1.0,1.0,1.0,N,2.0,3,9
62.0,1.0,1,1.0,1.0,1.0,N,2.0,3,9
62.0,1.0,1,1.0,1.0,1.0,N,2.0,3,9
64.0,1.0,1,1.0,1.0,1.0,N,2.0,7,9
64.0,1.0,1,1.0,1.0,1.0,N,2.0,7,9
64.0,1.0,1,1.0,1.0,1.0,N,2.0,7,9
64.0,1.0,1,1.0,1.0,1.0,N,2.0,7,9
64.0,1.0,1,1.0,1.0,1.0,N,2.0,7,9
64.0,1.0,1,1.0,1.0,1.0,N,2.0,7,9
64.0,1.0,1,1.0,1.0,1.0,N,2.0,7,9
64.0,1.0,1,1.0,1.0,1.0,N,2.0,7,9
64.0,1.0,1,1.0,1.0,1.0,N,2.0,7,9
64.0,1.0,1,1.0,1.0,1.0,N,2.0,7,9
64.0,1.0,1,1.0,1.0,1.0,N,2.0,9,9
64.0,1.0,1,1.0,1.0,1.0,N,2.0,9,9
64.0,1.0,1,1.0,1.0,1.0,N,2.0,9,9
64.0,1.0,1,1.0,1.0,1.0,N,2.0,9,9
64.0,1.0,1,1.0,1.0,1.0,N,2.0,9,9
64.0,1.0,1,1.0,1.0,1.0,N,2.0,9,9
64.0,1.0,1,1.0,1.0,1.0,N,2.0,9,9
64.0,1.0,1,1.0,1.0,1.0,N,2.0,9,9
64.0,1.0,1,1.0,1.0,1.0,N,2.0,9,9
64.0,1.0,1,1.0,1.0,1.0,N,2.0,9,9
64.0,1.0,1,1.0,1.0,1.0,N,2.0,9,9
64.0,1.0,1,1.0,1.0,1.0,N,2.0,9,9
64.0,1.0,1,1.0,1.0,1.0,N,2.0,9,9
64.0,1.0,1,1.0,1.0,1.0,N,2.0,9,9
64.0,1.0,1,1.0,1.0,1.0,N,2.0,9,9
64.0,1.0,1,2.0,1.0,1.0,N,2.0,9,9
64.0,1.0,1,2.0,1.0,1.0,N,2.0,9,9
64.0,1.0,1,2.0,1.0,1.0,N,2.0,9,9
64.0,1.0,1,2.0,1.0,1.0,N,2.0,9,9
64.0,1.0,1,2.0,1.0,1.0,N,2.0,9,9
64.0,1.0,1,2.0,1.0,1.0,N,2.0,9,9
64.0,1.0,1,2.0,1.0,1.0,N,2.0,9,9
64.0,1.0,1,2.0,1.0,1.0,N,2.0,9,9
64.0,1.0,1,2.0,1.0,1.0,N,2.0,9,9
64.0,1.0,1,2.0,1.0,1.0,N,2.0,9,9
64.0,1.0,1,2.0,1.0,1.0,N,2.0,9,9
64.0,1.0,1,2.0,1.0,1.0,N,2.0,9,9
64.0,1.0,1,2.0,1.0,1.0,N,2.0,9,9
64.0,1.0,1,2.0,1.0,1.0,N,2.0,9,9
64.0,1.0,1,2.0,1.0,1.0,N,2.0,9,9
64.0,1.0,1,2.0,1.0,1.0,N,2.0,9,9
64.0,1.0,1,2.0,1.0,1.0,N,2.0,9,9
64.0,1.0,1,2.0,1.0,1.0,N,2.0,9,9
64.0,1.0,1,2.0,1.0,1.0,N,2.0,9,9
64.0,1.0,1,2.0,1.0,1.0,N,2.0,9,9
64.0,1.0,1,2.0,1.0,1.0,N,2.0,9,9
64.0,1.0,1,2.0,1.0,1.0,N,2.0,9,9
64.0,1.0,1,2.0,1.0,1.0,N,2.0,9,9
65.0,1.0,1,1.0,1.0,1.0,N,2.0,5,9
65.0,1.0,1,1.0,1.0,1.0,N,2.0,5,9
65.0,1.0,1,1.0,1.0,1.0,N,2.0,5,9
65.0,1.0,1,1.0,1.0,1.0,N,2.0,5,9
65.0,1.0,1,1.0,1.0,1.0,N,2.0,5,9
65.0,1.0,1,1.0,1.0,1.0,N,2.0,5,9
65.0,1.0,1,1.0,1.0,1.0,N,2.0,5,9
65.0,1.0,1,1.0,1.0,1.0,N,2.0,5,9
65.0,1.0,1,1.0,1.0,1.0,N,2.0,5,9
65.0,1.0,1,1.0,1.0,1.0,N,2.0,5,9
65.0,1.0,1,1.0,1.0,1.0,N,2.0,5,9
65.0,1.0,1,1.0,1.0,1.0,N,2.0,5,9
65.0,1.0,1,1.0,1.0,1.0,N,2.0,5,9
65.0,1.0,1,1.0,1.0,1.0,N,2.0,5,9
65.0,1.0,1,1.0,1.0,1.0,N,2.0,5,9
65.0,1.0,1,1.0,1.0,1.0,N,2.0,5,9
65.0,1.0,1,1.0,1.0,1.0,N,2.0,5,9
65.0,1.0,1,1.0,1.0,1.0,N,2.0,5,9
65.0,1.0,1,1.0,1.0,1.0,N,2.0,5,9
65.0,1.0,1,1.0,1.0,1.0,N,2.0,5,9
65.0,1.0,1,1.0,1.0,1.0,N,2.0,5,9
65.0,1.0,1,1.0,1.0,1.0,N,2.0,5,9
65.0,1.0,1,1.0,1.0,1.0,N,2.0,9,9
65.0,1.0,1,1.0,1.0,1.0,N,2.0,9,9
65.0,1.0,1,1.0,1.0,1.0,N,2.0,9,9
65.0,1.0,1,1.0,1.0,1.0,N,2.0,9,9
65.0,1.0,1,1.0,1.0,1.0,N,2.0,9,9
65.0,1.0,1,1.0,1.0,1.0,N,2.0,9,9
65.0,1.0,1,1.0,1.0,1.0,N,2.0,9,9
65.0,1.0,1,2.0,1.0,1.0,N,2.0,5,9
65.0,1.0,1,2.0,1.0,1.0,N,2.0,5,9
65.0,1.0,1,2.0,1.0,1.0,N,2.0,5,9
65.0,1.0,1,2.0,1.0,1.0,N,2.0,5,9
65.0,1.0,1,2.0,1.0,1.0,N,2.0,5,9
65.0,1.0,1,2.0,1.0,1.0,N,2.0,5,9
65.0,1.0,1,2.0,1.0,1.0,N,2.0,5,9
65.0,1.0,1,2.0,1.0,1.0,N,2.0,5,9
65.0,1.0,1,2.0,1.0,1.0,N,2.0,5,9
65.0,1.0,1,2.0,1.0,1.0,N,2.0,5,9
65.0,1.0,1,2.0,1.0,1.0,N,2.0,5,9
65.0,1.0,1,2.0,1.0,1.0,N,2.0,5,9
65.0,1.0,1,2.0,1.0,1.0,N,2.0,5,9
65.0,1.0,1,2.0,1.0,1.0,N,2.0,5,9
65.0,1.0,1,2.0,1.0,1.0,N,2.0,5,9
65.0,1.0,1,2.0,1.0,1.0,N,2.0,5,9
65.0,1.0,1,2.0,1.0,1.0,N,2.0,5,9
66.0,1.0,1,1.0,1.0,1.0,N,2.0,7,10
66.0,1.0,1,1.0,1.0,1.0,N,2.0,7,10
66.0,1.0,1,1.0,1.0,1.0,N,2.0,7,10
66.0,1.0,1,1.0,1.0,1.0,N,2.0,7,10
66.0,1.0,1,1.0,1.0,1.0,N,2.0,7,10
66.0,1.0,1,1.0,1.0,1.0,N,2.0,7,10
66.0,1.0,1,1.0,1.0,1.0,N,2.0,7,10
66.0,1.0,1,1.0,1.0,1.0,N,2.0,7,10
66.0,1.0,1,1.0,1.0,1.0,N,2.0,7,10
66.0,1.0,1,1.0,1.0,1.0,N,2.0,7,10
66.0,1.0,1,1.0,1.0,1.0,N,2.0,7,10
66.0,1.0,1,1.0,1.0,1.0,N,2.0,7,10
66.0,1.0,1,1.0,1.0,1.0,N,2.0,7,10
66.0,1.0,1,2.0,1.0,1.0,N,2.0,7,10
66.0,1.0,1,2.0,1.0,1.0,N,2.0,7,10
66.0,1.0,1,2.0,1.0,1.0,N,2.0,7,10
66.0,1.0,1,2.0,1.0,1.0,N,2.0,7,10
66.0,1.0,1,2.0,1.0,1.0,N,2.0,7,10
66.0,1.0,1,2.0,1.0,1.0,N,2.0,7,10
66.0,1.0,1,2.0,1.0,1.0,N,2.0,7,10
66.0,1.0,1,2.0,1.0,1.0,N,2.0,7,10
66.0,1.0,1,2.0,1.0,1.0,N,2.0,7,10
66.0,1.0,1,2.0,1.0,1.0,N,2.0,7,10
66.0,1.0,1,2.0,1.0,1.0,N,2.0,7,10
66.0,1.0,1,2.0,1.0,1.0,N,2.0,7,10
66.0,1.0,1,2.0,1.0,1.0,N,2.0,7,10
66.0,1.0,1,2.0,1.0,1.0,N,2.0,7,10
66.0,1.0,1,2.0,1.0,1.0,N,2.0,7,10
69.0,1.0,1,1.0,1.0,1.0,N,2.0,3,9
69.0,1.0,1,1.0,1.0,1.0,N,2.0,3,9
69.0,1.0,1,1.0,1.0,1.0,N,2.0,3,9
69.0,1.0,1,1.0,1.0,1.0,N,2.0,3,7
69.0,1.0,1,1.0,1.0,1.0,N,2.0,3,7
69.0,1.0,1,1.0,1.0,1.0,N,2.0,3,7
69.0,1.0,1,1.0,1.0,1.0,N,2.0,3,7
69.0,1.0,1,1.0,1.0,1.0,N,2.0,3,7
69.0,1.0,1,1.0,1.0,1.0,N,2.0,3,7
69.0,1.0,1,1.0,1.0,1.0,N,2.0,3,7
69.0,1.0,1,1.0,1.0,1.0,N,2.0,3,7
69.0,1.0,1,1.0,1.0,1.0,N,2.0,6,9
69.0,1.0,1,1.0,1.0,1.0,N,2.0,6,9
69.0,1.0,1,1.0,1.0,1.0,N,2.0,6,9
69.0,1.0,1,1.0,1.0,1.0,N,2.0,6,9
69.0,1.0,1,1.0,1.0,1.0,N,2.0,6,9
69.0,1.0,1,1.0,1.0,1.0,N,2.0,6,9
69.0,1.0,1,1.0,1.0,1.0,N,2.0,6,9
69.0,1.0,1,2.0,1.0,1.0,N,2.0,2,7
69.0,1.0,1,2.0,1.0,1.0,N,2.0,2,7
69.0,1.0,1,2.0,1.0,1.0,N,2.0,2,7
69.0,1.0,1,2.0,1.0,1.0,N,2.0,2,7
69.0,1.0,1,2.0,1.0,1.0,N,2.0,2,7
69.0,1.0,1,2.0,1.0,1.0,N,2.0,2,7
69.0,1.0,1,2.0,1.0,1.0,N,2.0,2,7
69.0,1.0,1,2.0,1.0,1.0,N,2.0,2,7
69.0,1.0,1,2.0,1.0,1.0,N,2.0,2,7
69.0,1.0,1,2.0,1.0,1.0,N,2.0,2,7
69.0,1.0,1,2.0,1.0,1.0,N,2.0,2,7
69.0,1.0,1,2.0,1.0,1.0,N,2.0,2,7
69.0,1.0,1,2.0,1.0,1.0,N,2.0,2,7
69.0,1.0,1,2.0,1.0,1.0,N,2.0,3,9
69.0,1.0,1,2.0,1.0,1.0,N,2.0,3,9
69.0,1.0,1,2.0,1.0,1.0,N,2.0,3,9
69.0,1.0,1,2.0,1.0,1.0,N,2.0,3,9
69.0,1.0,1,2.0,1.0,1.0,N,2.0,3,9
69.0,1.0,1,2.0,1.0,1.0,N,2.0,3,9
69.0,1.0,1,2.0,1.0,1.0,N,2.0,3,9
69.0,1.0,1,2.0,1.0,1.0,N,2.0,3,9
69.0,1.0,1,2.0,1.0,1.0,N,2.0,3,9
69.0,1.0,1,2.0,1.0,1.0,N,2.0,3,9
69.0,1.0,1,2.0,1.0,1.0,N,2.0,3,9
69.0,1.0,1,2.0,1.0,1.0,N,2.0,3,9
69.0,1.0,1,2.0,1.0,1.0,N,2.0,3,9
69.0,1.0,1,2.0,1.0,1.0,N,2.0,3,9
69.0,1.0,1,2.0,1.0,1.0,N,2.0,3,7
69.0,1.0,1,2.0,1.0,1.0,N,2.0,3,7
69.0,1.0,1,2.0,1.0,1.0,N,2.0,3,7
69.0,1.0,1,2.0,1.0,1.0,N,2.0,3,7
69.0,1.0,1,2.0,1.0,1.0,N,2.0,3,7
69.0,1.0,1,2.0,1.0,1.0,N,2.0,3,7
69.0,1.0,1,2.0,1.0,1.0,N,2.0,3,7
69.0,1.0,1,2.0,1.0,1.0,N,2.0,3,7
69.0,1.0,1,2.0,1.0,1.0,N,2.0,6,9
69.0,1.0,1,2.0,1.0,1.0,N,2.0,6,9
69.0,1.0,1,2.0,1.0,1.0,N,2.0,6,9
69.0,1.0,1,2.0,1.0,1.0,N,2.0,6,9
69.0,1.0,6,1.0,1.0,1.0,N,2.0,3,9
69.0,1.0,6,1.0,1.0,1.0,N,2.0,3,9
69.0,1.0,6,1.0,1.0,1.0,N,2.0,3,9
69.0,1.0,6,1.0,1.0,1.0,N,2.0,3,9
69.0,1.0,6,1.0,1.0,1.0,N,2.0,3,9
69.0,1.0,6,1.0,1.0,1.0,N,2.0,3,9
69.0,1.0,6,1.0,1.0,1.0,N,2.0,3,9
69.0,1.0,6,1.0,1.0,1.0,N,2.0,3,9
69.0,1.0,6,1.0,1.0,1.0,N,2.0,3,9
69.0,1.0,6,1.0,1.0,1.0,N,2.0,6,9
69.0,1.0,6,1.0,1.0,1.0,N,2.0,6,9
69.0,1.0,6,1.0,1.0,1.0,N,2.0,6,9
69.0,1.0,6,1.0,1.0,1.0,N,2.0,6,9
69.0,1.0,6,1.0,1.0,1.0,N,2.0,6,9
69.0,1.0,6,1.0,1.0,1.0,N,2.0,6,9
69.0,1.0,6,1.0,1.0,1.0,N,2.0,6,9
69.0,1.0,6,1.0,1.0,1.0,N,2.0,6,9
69.0,1.0,6,1.0,1.0,1.0,N,2.0,7,9
69.0,1.0,6,1.0,1.0,1.0,N,2.0,7,9
69.0,1.0,6,1.0,1.0,1.0,N,2.0,7,9
69.0,1.0,6,1.0,1.0,1.0,N,2.0,7,9
69.0,1.0,6,1.0,1.0,1.0,N,2.0,7,9
7.0,1.0,N,1.0,1.0,1.0,N,2.0,N,2
7.0,1.0,N,1.0,1.0,1.0,N,2.0,N,2
7.0,1.0,N,1.0,1.0,1.0,N,2.0,N,2
7.0,1.0,N,1.0,1.0,1.0,N,2.0,N,2
7.0,1.0,N,1.0,1.0,1.0,N,2.0,N,2
7.0,1.0,N,1.0,1.0,1.0,N,2.0,N,2
7.0,1.0,N,1.0,1.0,1.0,N,2.0,N,2
7.0,1.0,N,1.0,1.0,1.0,N,2.0,N,2
7.0,1.0,N,1.0,1.0,1.0,N,2.0,N,2
7.0,1.0,N,1.0,1.0,1.0,N,2.0,N,2
7.0,1.0,N,1.0,1.0,1.0,N,2.0,N,2
7.0,1.0,N,1.0,1.0,1.0,N,2.0,N,3
7.0,1.0,N,1.0,1.0,1.0,N,2.0,N,3
7.0,1.0,N,1.0,1.0,1.0,N,2.0,N,3
7.0,1.0,N,1.0,1.0,1.0,N,2.0,N,3
7.0,1.0,N,1.0,1.0,1.0,N,2.0,N,3
7.0,1.0,N,1.0,1.0,1.0,N,2.0,N,3
7.0,1.0,N,1.0,1.0,1.0,N,2.0,N,3
7.0,1.0,N,1.0,1.0,1.0,N,2.0,N,3
7.0,1.0,N,1.0,1.0,1.0,N,2.0,N,3
7.0,1.0,N,1.0,1.0,1.0,N,2.0,N,3
7.0,1.0,N,1.0,1.0,1.0,N,2.0,N,3
7.0,1.0,N,1.0,1.0,1.0,N,2.0,N,3
7.0,1.0,N,1.0,1.0,1.0,N,2.0,N,3
7.0,1.0,N,1.0,1.0,1.0,N,2.0,N,3
7.0,1.0,N,1.0,1.0,1.0,N,2.0,N,3
7.0,1.0,N,1.0,1.0,1.0,N,2.0,N,3
7.0,1.0,N,1.0,1.0,1.0,N,2.0,N,3
7.0,1.0,N,1.0,1.0,1.0,N,2.0,N,3
7.0,1.0,N,2.0,1.0,1.0,N,2.0,N,2
7.0,1.0,N,2.0,1.0,1.0,N,2.0,N,2
7.0,1.0,N,2.0,1.0,1.0,N,2.0,N,2
7.0,1.0,N,2.0,1.0,1.0,N,2.0,N,2
7.0,1.0,N,2.0,1.0,1.0,N,2.0,N,2
7.0,1.0,N,2.0,1.0,1.0,N,2.0,N,2
7.0,1.0,N,2.0,1.0,1.0,N,2.0,N,2
7.0,1.0,N,2.0,1.0,1.0,N,2.0,N,2
7.0,1.0,N,2.0,1.0,1.0,N,2.0,N,2
7.0,1.0,N,2.0,1.0,1.0,N,2.0,N,2
7.0,1.0,N,2.0,1.0,1.0,N,2.0,N,3
7.0,1.0,N,2.0,1.0,1.0,N,2.0,N,3
7.0,1.0,N,2.0,1.0,1.0,N,2.0,N,3
7.0,1.0,N,2.0,1.0,1.0,N,2.0,N,3
7.0,1.0,N,2.0,1.0,1.0,N,2.0,N,3
7.0,1.0,N,2.0,1.0,1.0,N,2.0,N,3
7.0,1.0,N,2.0,1.0,1.0,N,2.0,N,3
7.0,1.0,N,2.0,1.0,1.0,N,2.0,N,3
7.0,1.0,N,2.0,1.0,1.0,N,2.0,N,3
7.0,1.0,N,2.0,1.0,1.0,N,2.0,N,3
7.0,1.0,N,2.0,1.0,1.0,N,2.0,N,3
7.0,1.0,N,2.0,1.0,1.0,N,2.0,N,3
7.0,1.0,N,2.0,1.0,1.0,N,2.0,N,3
7.0,1.0,N,2.0,1.0,1.0,N,2.0,N,3
7.0,1.0,N,2.0,1.0,1.0,N,2.0,N,3
75.0,1.0,1,1.0,1.0,1.0,N,2.0,7,10
75.0,1.0,1,1.0,1.0,1.0,N,2.0,7,10
75.0,1.0,1,1.0,1.0,1.0,N,2.0,7,10
75.0,1.0,1,1.0,1.0,1.0,N,2.0,7,10
75.0,1.0,1,1.0,1.0,1.0,N,2.0,7,10
75.0,1.0,1,1.0,1.0,1.0,N,2.0,7,10
75.0,1.0,1,1.0,1.0,1.0,N,2.0,7,10
75.0,1.0,1,1.0,1.0,1.0,N,2.0,7,10
75.0,1.0,1,1.0,1.0,1.0,N,2.0,7,10
75.0,1.0,1,1.0,1.0,1.0,N,2.0,7,10
75.0,1.0,1,1.0,1.0,1.0,N,2.0,7,10
75.0,1.0,1,1.0,1.0,1.0,N,2.0,7,10
75.0,1.0,1,1.0,1.0,1.0,N,2.0,7,10
75.0,1.0,1,1.0,1.0,1.0,N,2.0,7,5
75.0,1.0,1,1.0,1.0,1.0,N,2.0,7,5
75.0,1.0,1,1.0,1.0,1.0,N,2.0,7,5
75.0,1.0,1,1.0,1.0,1.0,N,2.0,7,5
75.0,1.0,1,1.0,1.0,1.0,N,2.0,7,5
75.0,1.0,1,1.0,1.0,1.0,N,2.0,7,5
75.0,1.0,1,1.0,1.0,1.0,N,2.0,7,5
75.0,1.0,1,1.0,1.0,1.0,N,2.0,7,5
8.0,1.0,N,1.0,1.0,1.0,N,2.0,N,3
8.0,1.0,N,1.0,1.0,1.0,N,2.0,N,3
8.0,1.0,N,1.0,1.0,1.0,N,2.0,N,3
8.0,1.0,N,1.0,1.0,1.0,N,2.0,N,3
8.0,1.0,N,1.0,1.0,1.0,N,2.0,N,3
8.0,1.0,N,1.0,1.0,1.0,N,2.0,N,3
8.0,1.0,N,1.0,1.0,1.0,N,2.0,N,3
8.0,1.0,N,1.0,1.0,1.0,N,2.0,N,3
8.0,1.0,N,1.0,1.0,1.0,N,2.0,N,3
8.0,1.0,N,1.0,1.0,1.0,N,2.0,N,3
8.0,1.0,N,1.0,1.0,1.0,N,2.0,N,3
8.0,1.0,N,1.0,1.0,1.0,N,2.0,N,3
8.0,1.0,N,1.0,1.0,1.0,N,2.0,N,3
8.0,1.0,N,1.0,1.0,1.0,N,2.0,N,3
8.0,1.0,N,1.0,1.0,1.0,N,2.0,N,3
8.0,1.0,N,1.0,1.0,1.0,N,2.0,N,3
8.0,1.0,N,1.0,1.0,1.0,N,2.0,N,3
8.0,1.0,N,1.0,1.0,1.0,N,2.0,N,3
8.0,1.0,N,1.0,1.0,1.0,N,2.0,N,3
8.0,1.0,N,1.0,1.0,1.0,N,2.0,N,3
8.0,1.0,N,1.0,1.0,1.0,N,2.0,N,3
8.0,1.0,N,1.0,1.0,1.0,N,2.0,N,3
8.0,1.0,N,1.0,1.0,1.0,N,2.0,N,3
8.0,1.0,N,1.0,1.0,1.0,N,2.0,N,3
8.0,1.0,N,1.0,1.0,1.0,N,2.0,N,3
8.0,1.0,N,1.0,1.0,1.0,N,2.0,N,3
8.0,1.0,N,1.0,1.0,1.0,N,2.0,N,3
8.0,1.0,N,1.0,1.0,1.0,N,2.0,N,3
8.0,1.0,N,1.0,1.0,1.0,N,2.0,N,3
8.0,1.0,N,2.0,1.0,1.0,N,2.0,N,3
8.0,1.0,N,2.0,1.0,1.0,N,2.0,N,3
8.0,1.0,N,2.0,1.0,1.0,N,2.0,N,3
8.0,1.0,N,2.0,1.0,1.0,N,2.0,N,3
8.0,1.0,N,2.0,1.0,1.0,N,2.0,N,3
8.0,1.0,N,2.0,1.0,1.0,N,2.0,N,3
8.0,1.0,N,2.0,1.0,1.0,N,2.0,N,3
8.0,1.0,N,2.0,1.0,1.0,N,2.0,N,3
8.0,1.0,N,2.0,1.0,1.0,N,2.0,N,3
8.0,1.0,N,2.0,1.0,1.0,N,2.0,N,3
8.0,1.0,N,2.0,1.0,1.0,N,2.0,N,3
8.0,1.0,N,2.0,1.0,1.0,N,2.0,N,3
8.0,1.0,N,2.0,1.0,1.0,N,2.0,N,3
8.0,1.0,N,2.0,1.0,1.0,N,2.0,N,3
8.0,1.0,N,2.0,1.0,1.0,N,2.0,N,3
8.0,1.0,N,2.0,1.0,1.0,N,2.0,N,3
8.0,1.0,N,2.0,1.0,1.0,N,2.0,N,3
8.0,1.0,N,2.0,1.0,1.0,N,2.0,N,3
8.0,1.0,N,2.0,1.0,1.0,N,2.0,N,3
8.0,1.0,N,2.0,1.0,1.0,N,2.0,N,3
9.0,1.0,N,1.0,1.0,1.0,N,2.0,N,3
9.0,1.0,N,1.0,1.0,1.0,N,2.0,N,3
9.0,1.0,N,1.0,1.0,1.0,N,2.0,N,3
9.0,1.0,N,1.0,1.0,1.0,N,2.0,N,3
9.0,1.0,N,1.0,1.0,1.0,N,2.0,N,3
9.0,1.0,N,1.0,1.0,1.0,N,2.0,N,3
9.0,1.0,N,1.0,1.0,1.0,N,2.0,N,3
9.0,1.0,N,1.0,1.0,1.0,N,2.0,N,3
9.0,1.0,N,1.0,1.0,1.0,N,2.0,N,3
9.0,1.0,N,1.0,1.0,1.0,N,2.0,N,3
9.0,1.0,N,1.0,1.0,1.0,N,2.0,N,3
9.0,1.0,N,1.0,1.0,1.0,N,2.0,N,3
9.0,1.0,N,1.0,1.0,1.0,N,2.0,N,3
9.0,1.0,N,1.0,1.0,1.0,N,2.0,N,3
9.0,1.0,N,1.0,1.0,1.0,N,2.0,N,3
9.0,1.0,N,1.0,1.0,1.0,N,2.0,N,3
9.0,1.0,N,1.0,1.0,1.0,N,2.0,N,3
9.0,1.0,N,1.0,1.0,1.0,N,2.0,N,3
9.0,1.0,N,1.0,1.0,1.0,N,2.0,N,3
9.0,1.0,N,1.0,1.0,1.0,N,2.0,N,3
9.0,1.0,N,1.0,1.0,1.0,N,2.0,N,3
9.0,1.0,N,1.0,1.0,1.0,N,2.0,N,3
9.0,1.0,N,2.0,1.0,1.0,N,2.0,N,3
9.0,1.0,N,2.0,1.0,1.0,N,2.0,N,3
9.0,1.0,N,2.0,1.0,1.0,N,2.0,N,3
9.0,1.0,N,2.0,1.0,1.0,N,2.0,N,3
9.0,1.0,N,2.0,1.0,1.0,N,2.0,N,3
9.0,1.0,N,2.0,1.0,1.0,N,2.0,N,3
9.0,1.0,N,2.0,1.0,1.0,N,2.0,N,3
9.0,1.0,N,2.0,1.0,1.0,N,2.0,N,3
9.0,1.0,N,2.0,1.0,1.0,N,2.0,N,3
9.0,1.0,N,2.0,1.0,1.0,N,2.0,N,3
9.0,1.0,N,2.0,1.0,1.0,N,2.0,N,3
9.0,1.0,N,2.0,1.0,1.0,N,2.0,N,3
9.0,1.0,N,2.0,1.0,1.0,N,2.0,N,3
9.0,1.0,N,2.0,1.0,1.0,N,2.0,N,3
9.0,1.0,N,2.0,1.0,1.0,N,2.0,N,3
9.0,1.0,N,2.0,1.0,1.0,N,2.0,N,3
9.0,1.0,N,2.0,1.0,1.0,N,2.0,N,3
9.0,1.0,N,2.0,1.0,1.0,N,2.0,N,3
9.0,1.0,N,2.0,1.0,1.0,N,2.0,N,3
9.0,1.0,N,2.0,1.0,1.0,N,2.0,N,3
9.0,1.0,N,2.0,1.0,2.0,N,2.0,N,3
9.0,1.0,N,2.0,1.0,2.0,N,2.0,N,3
9.0,1.0,N,2.0,1.0,2.0,N,2.0,N,3
9.0,1.0,N,2.0,1.0,2.0,N,2.0,N,3
9.0,1.0,N,2.0,1.0,2.0,N,2.0,N,3
9.0,1.0,N,2.0,1.0,2.0,N,2.0,N,3
9.0,1.0,N,2.0,1.0,2.0,N,2.0,N,3
9.0,1.0,N,2.0,1.0,2.0,N,2.0,N,3
9.0,1.0,N,2.0,1.0,2.0,N,2.0,N,3
9.0,1.0,N,2.0,1.0,2.0,N,2.0,N,3
9.0,1.0,N,2.0,1.0,2.0,N,2.0,N,3
9.0,1.0,N,2.0,1.0,2.0,N,2.0,N,3
9.0,1.0,N,2.0,1.0,2.0,N,2.0,N,3
9.0,1.0,N,2.0,1.0,2.0,N,2.0,N,3
9.0,1.0,N,2.0,1.0,2.0,N,2.0,N,3
9.0,1.0,N,2.0,1.0,2.0,N,2.0,N,3
9.0,1.0,N,2.0,1.0,2.0,N,2.0,N,3
9.0,1.0,N,2.0,1.0,2.0,N,2.0,N,3
